bhk,size,floor,area_type,city,furnishing_status,tenant_preferred,bathroom,point_of_contact
2,1000,Ground out of 2,Super Area,Chennai,Unfurnished,Bachelors/Family,2,Contact Owner
2,980,1 out of 4,Super Area,Chennai,Unfurnished,Bachelors/Family,2,Contact Owner
2,900,3 out of 4,Carpet Area,Delhi,Unfurnished,Bachelors/Family,1,Contact Owner
3,1050,16 out of 31,Carpet Area,Mumbai,Furnished,Family,3,Contact Agent
3,1250,2 out of 5,Carpet Area,Hyderabad,Semi-Furnished,Bachelors,2,Contact Owner
2,1300,1 out of 2,Carpet Area,Hyderabad,Semi-Furnished,Bachelors,2,Contact Owner
3,2110,3 out of 4,Carpet Area,Bangalore,Unfurnished,Bachelors,3,Contact Agent
1,250,1 out of 2,Super Area,Kolkata,Furnished,Bachelors/Family,1,Contact Owner
3,1050,Ground out of 4,Carpet Area,Delhi,Unfurnished,Family,2,Contact Agent
2,850,4 out of 7,Carpet Area,Mumbai,Semi-Furnished,Bachelors,2,Contact Agent
3,1475,1 out of 4,Super Area,Chennai,Semi-Furnished,Bachelors/Family,3,Contact Owner
2,650,2 out of 6,Carpet Area,Mumbai,Semi-Furnished,Bachelors,2,Contact Agent
2,1000,Ground out of 3,Super Area,Bangalore,Semi-Furnished,Bachelors/Family,2,Contact Owner
2,500,4 out of 4,Carpet Area,Delhi,Semi-Furnished,Bachelors,2,Contact Owner
1,600,1 out of 2,Carpet Area,Chennai,Unfurnished,Family,1,Contact Owner
2,650,Ground out of 3,Super Area,Delhi,Unfurnished,Bachelors/Family,2,Contact Owner
2,900,Ground out of 2,Carpet Area,Hyderabad,Semi-Furnished,Bachelors,2,Contact Owner
1,300,Ground out of 3,Carpet Area,Kolkata,Unfurnished,Bachelors/Family,1,Contact Agent
3,1625,8 out of 11,Super Area,Chennai,Furnished,Bachelors/Family,3,Contact Agent
1,435,3 out of 7,Carpet Area,Mumbai,Unfurnished,Bachelors/Family,2,Contact Agent
1,580,3 out of 3,Super Area,Chennai,Unfurnished,Bachelors/Family,1,Contact Owner
1,400,2 out of 2,Carpet Area,Hyderabad,Unfurnished,Bachelors/Family,1,Contact Owner
2,650,3 out of 4,Carpet Area,Mumbai,Unfurnished,Family,2,Contact Agent
1,400,1 out of 5,Carpet Area,Mumbai,Furnished,Bachelors/Family,2,Contact Agent
3,1350,12 out of 20,Carpet Area,Mumbai,Semi-Furnished,Bachelors,4,Contact Agent
3,1030,10 out of 14,Carpet Area,Mumbai,Furnished,Family,3,Contact Agent
2,650,2 out of 4,Carpet Area,Delhi,Unfurnished,Bachelors,2,Contact Owner
2,60,2 out of 4,Super Area,Delhi,Unfurnished,Bachelors/Family,2,Contact Owner
3,1250,1 out of 2,Super Area,Kolkata,Unfurnished,Bachelors/Family,2,Contact Owner
3,900,2 out of 4,Carpet Area,Delhi,Unfurnished,Bachelors,2,Contact Owner
2,380,1 out of 1,Super Area,Delhi,Unfurnished,Bachelors/Family,2,Contact Owner
2,1000,2 out of 3,Carpet Area,Hyderabad,Semi-Furnished,Bachelors,2,Contact Owner
1,230,Ground out of 3,Super Area,Kolkata,Unfurnished,Bachelors/Family,1,Contact Owner
1,300,Ground out of 2,Carpet Area,Kolkata,Unfurnished,Bachelors/Family,1,Contact Owner
3,1800,5 out of 5,Carpet Area,Hyderabad,Unfurnished,Family,3,Contact Owner
2,600,1 out of 2,Carpet Area,Kolkata,Unfurnished,Bachelors/Family,1,Contact Owner
2,650,1 out of 2,Carpet Area,Kolkata,Unfurnished,Family,1,Contact Owner
2,1250,3 out of 7,Super Area,Chennai,Furnished,Bachelors/Family,2,Contact Owner
3,1350,1 out of 3,Super Area,Hyderabad,Unfurnished,Bachelors/Family,2,Contact Owner
2,200,3 out of 3,Carpet Area,Hyderabad,Unfurnished,Family,2,Contact Owner
3,1956,1 out of 9,Super Area,Hyderabad,Semi-Furnished,Bachelors,3,Contact Owner
2,800,2 out of 3,Super Area,Hyderabad,Unfurnished,Bachelors/Family,2,Contact Owner
2,1220,1 out of 6,Super Area,Hyderabad,Semi-Furnished,Bachelors/Family,2,Contact Owner
2,400,Ground out of 1,Carpet Area,Kolkata,Unfurnished,Bachelors/Family,1,Contact Owner
2,720,5 out of 7,Carpet Area,Hyderabad,Semi-Furnished,Bachelors/Family,2,Contact Owner
2,550,Ground out of 1,Carpet Area,Kolkata,Unfurnished,Bachelors,1,Contact Owner
3,150,1 out of 5,Carpet Area,Hyderabad,Unfurnished,Bachelors,3,Contact Agent
2,800,1 out of 2,Super Area,Hyderabad,Semi-Furnished,Bachelors/Family,2,Contact Owner
1,450,2 out of 3,Carpet Area,Hyderabad,Semi-Furnished,Bachelors,1,Contact Owner
2,1000,2 out of 3,Super Area,Hyderabad,Unfurnished,Bachelors/Family,2,Contact Owner
4,1600,2 out of 5,Super Area,Hyderabad,Unfurnished,Bachelors/Family,4,Contact Owner
2,650,Ground out of 3,Super Area,Kolkata,Semi-Furnished,Bachelors/Family,2,Contact Owner
5,3500,2 out of 3,Carpet Area,Hyderabad,Unfurnished,Bachelors/Family,6,Contact Owner
2,500,1 out of 5,Super Area,Hyderabad,Semi-Furnished,Bachelors/Family,2,Contact Owner
2,800,1 out of 4,Super Area,Hyderabad,Semi-Furnished,Bachelors/Family,2,Contact Owner
2,1350,8 out of 14,Super Area,Hyderabad,Semi-Furnished,Bachelors,2,Contact Owner
2,800,1 out of 6,Super Area,Hyderabad,Furnished,Bachelors/Family,2,Contact Owner
2,1140,2 out of 5,Super Area,Hyderabad,Semi-Furnished,Family,2,Contact Owner
1,300,1 out of 3,Carpet Area,Kolkata,Unfurnished,Bachelors,1,Contact Owner
3,1146,1 out of 2,Carpet Area,Chennai,Semi-Furnished,Bachelors/Family,2,Contact Owner
1,700,1 out of 2,Super Area,Kolkata,Semi-Furnished,Bachelors/Family,1,Contact Owner
2,1070,2 out of 5,Carpet Area,Hyderabad,Unfurnished,Family,2,Contact Owner
2,1125,2 out of 3,Carpet Area,Hyderabad,Unfurnished,Bachelors,2,Contact Owner
2,1210,3 out of 5,Super Area,Hyderabad,Unfurnished,Bachelors/Family,2,Contact Owner
2,650,Ground out of 1,Super Area,Kolkata,Unfurnished,Family,2,Contact Owner
2,1250,Ground out of 1,Super Area,Hyderabad,Unfurnished,Bachelors/Family,2,Contact Owner
2,1600,1 out of 2,Super Area,Hyderabad,Unfurnished,Family,3,Contact Owner
5,4050,Ground out of 5,Super Area,Hyderabad,Unfurnished,Bachelors/Family,4,Contact Owner
2,90,Ground out of 3,Super Area,Hyderabad,Unfurnished,Bachelors/Family,1,Contact Owner
3,1500,2 out of 4,Super Area,Hyderabad,Unfurnished,Bachelors/Family,2,Contact Owner
2,1125,1 out of 2,Super Area,Hyderabad,Unfurnished,Bachelors,2,Contact Owner
3,1100,1 out of 10,Carpet Area,Hyderabad,Semi-Furnished,Bachelors/Family,2,Contact Owner
3,2300,1 out of 5,Carpet Area,Hyderabad,Furnished,Bachelors,3,Contact Agent
2,1000,2 out of 5,Super Area,Hyderabad,Unfurnished,Bachelors,2,Contact Owner
3,1250,2 out of 8,Super Area,Hyderabad,Semi-Furnished,Bachelors/Family,2,Contact Owner
3,1800,5 out of 5,Carpet Area,Hyderabad,Unfurnished,Bachelors/Family,3,Contact Owner
2,1100,Ground out of 3,Super Area,Delhi,Unfurnished,Bachelors/Family,2,Contact Owner
2,1050,1 out of 3,Carpet Area,Bangalore,Semi-Furnished,Bachelors/Family,2,Contact Owner
2,1100,Ground out of 2,Carpet Area,Bangalore,Semi-Furnished,Bachelors/Family,2,Contact Owner
2,1000,1 out of 2,Super Area,Chennai,Semi-Furnished,Bachelors/Family,2,Contact Owner
3,1095,2 out of 2,Super Area,Chennai,Furnished,Bachelors/Family,2,Contact Owner
2,600,15 out of 20,Carpet Area,Mumbai,Unfurnished,Bachelors/Family,2,Contact Agent
2,900,Ground out of 4,Carpet Area,Delhi,Semi-Furnished,Bachelors/Family,1,Contact Owner
3,1100,4 out of 4,Carpet Area,Chennai,Semi-Furnished,Bachelors,3,Contact Agent
2,900,1 out of 3,Super Area,Chennai,Unfurnished,Bachelors/Family,2,Contact Owner
3,1100,1 out of 1,Super Area,Kolkata,Semi-Furnished,Family,2,Contact Owner
3,1400,4 out of 8,Carpet Area,Mumbai,Unfurnished,Bachelors/Family,3,Contact Agent
2,1500,Ground out of 1,Super Area,Chennai,Semi-Furnished,Bachelors/Family,2,Contact Owner
1,630,3 out of 12,Super Area,Mumbai,Semi-Furnished,Bachelors/Family,2,Contact Agent
2,1100,3 out of 4,Super Area,Chennai,Unfurnished,Bachelors/Family,2,Contact Owner
1,550,3 out of 4,Carpet Area,Delhi,Semi-Furnished,Bachelors,1,Contact Agent
3,1100,1 out of 2,Carpet Area,Chennai,Unfurnished,Bachelors/Family,2,Contact Owner
3,950,Ground out of 2,Carpet Area,Chennai,Unfurnished,Bachelors,3,Contact Owner
2,1000,Ground out of 1,Super Area,Chennai,Unfurnished,Bachelors/Family,2,Contact Owner
3,1000,7 out of 18,Carpet Area,Chennai,Unfurnished,Bachelors/Family,2,Contact Owner
4,4800,11 out of 19,Carpet Area,Bangalore,Semi-Furnished,Bachelors/Family,4,Contact Agent
2,1000,1 out of 4,Carpet Area,Delhi,Semi-Furnished,Bachelors,2,Contact Agent
3,900,Ground out of 2,Super Area,Chennai,Semi-Furnished,Bachelors/Family,2,Contact Owner
4,272,Ground out of 4,Carpet Area,Delhi,Furnished,Bachelors,3,Contact Agent
1,600,1 out of 3,Super Area,Chennai,Unfurnished,Bachelors/Family,1,Contact Owner
3,2000,1 out of 2,Carpet Area,Bangalore,Semi-Furnished,Bachelors/Family,2,Contact Owner
2,850,Lower Basement out of 2,Carpet Area,Bangalore,Semi-Furnished,Family,2,Contact Owner
1,413,5 out of 6,Carpet Area,Mumbai,Furnished,Bachelors/Family,1,Contact Owner
3,1200,1 out of 3,Carpet Area,Delhi,Semi-Furnished,Bachelors/Family,2,Contact Owner
3,1500,2 out of 4,Carpet Area,Bangalore,Furnished,Bachelors/Family,2,Contact Owner
2,1162,2 out of 4,Super Area,Chennai,Semi-Furnished,Bachelors/Family,2,Contact Agent
1,400,Ground out of 1,Carpet Area,Chennai,Unfurnished,Bachelors/Family,1,Contact Owner
2,900,1 out of 1,Carpet Area,Chennai,Semi-Furnished,Bachelors,2,Contact Agent
2,800,Ground out of 2,Carpet Area,Chennai,Semi-Furnished,Bachelors/Family,2,Contact Owner
3,2000,1 out of 1,Carpet Area,Chennai,Furnished,Bachelors/Family,3,Contact Owner
2,990,14 out of 30,Carpet Area,Bangalore,Furnished,Bachelors/Family,2,Contact Owner
2,100,2 out of 2,Carpet Area,Chennai,Semi-Furnished,Family,2,Contact Owner
3,919,8 out of 13,Carpet Area,Hyderabad,Semi-Furnished,Bachelors/Family,2,Contact Owner
2,850,Ground out of 2,Carpet Area,Hyderabad,Semi-Furnished,Family,2,Contact Owner
2,1100,2 out of 2,Super Area,Chennai,Unfurnished,Bachelors/Family,2,Contact Owner
2,700,1 out of 1,Carpet Area,Kolkata,Semi-Furnished,Bachelors,2,Contact Owner
3,1300,Ground out of 1,Carpet Area,Kolkata,Unfurnished,Bachelors,2,Contact Agent
3,1320,Ground out of 2,Carpet Area,Kolkata,Unfurnished,Bachelors,2,Contact Agent
2,1100,Ground out of 3,Carpet Area,Hyderabad,Unfurnished,Bachelors/Family,2,Contact Owner
2,600,1 out of 2,Carpet Area,Chennai,Semi-Furnished,Bachelors/Family,1,Contact Owner
2,850,2 out of 2,Super Area,Chennai,Unfurnished,Bachelors,2,Contact Owner
3,1800,18 out of 19,Carpet Area,Bangalore,Semi-Furnished,Bachelors/Family,3,Contact Owner
2,850,2 out of 4,Carpet Area,Delhi,Unfurnished,Bachelors/Family,2,Contact Agent
3,1150,2 out of 4,Carpet Area,Delhi,Unfurnished,Bachelors/Family,3,Contact Agent
2,500,1 out of 4,Carpet Area,Delhi,Semi-Furnished,Bachelors/Family,2,Contact Agent
2,500,1 out of 1,Carpet Area,Kolkata,Unfurnished,Bachelors,2,Contact Owner
2,800,Ground out of 1,Carpet Area,Kolkata,Unfurnished,Bachelors/Family,1,Contact Owner
2,600,Ground out of 2,Super Area,Kolkata,Unfurnished,Bachelors/Family,1,Contact Agent
1,450,1 out of 1,Carpet Area,Kolkata,Unfurnished,Bachelors/Family,1,Contact Owner
2,1000,Ground out of 2,Carpet Area,Kolkata,Semi-Furnished,Bachelors/Family,1,Contact Owner
2,1200,1 out of 3,Carpet Area,Hyderabad,Furnished,Bachelors/Family,2,Contact Owner
2,850,1 out of 4,Carpet Area,Kolkata,Semi-Furnished,Bachelors,2,Contact Owner
1,450,5 out of 7,Carpet Area,Mumbai,Furnished,Family,2,Contact Agent
1,400,Ground out of 2,Carpet Area,Kolkata,Semi-Furnished,Bachelors/Family,1,Contact Agent
1,300,1 out of 2,Carpet Area,Kolkata,Unfurnished,Bachelors/Family,1,Contact Agent
2,550,1 out of 2,Carpet Area,Kolkata,Furnished,Bachelors/Family,2,Contact Agent
1,48,1 out of 2,Super Area,Delhi,Semi-Furnished,Bachelors/Family,1,Contact Owner
2,800,3 out of 3,Super Area,Delhi,Furnished,Bachelors/Family,2,Contact Owner
3,1100,Ground out of 2,Carpet Area,Kolkata,Unfurnished,Bachelors/Family,2,Contact Owner
3,1255,12 out of 17,Carpet Area,Mumbai,Furnished,Bachelors/Family,3,Contact Owner
2,850,1 out of 1,Carpet Area,Kolkata,Unfurnished,Bachelors,2,Contact Agent
3,825,20 out of 22,Carpet Area,Mumbai,Furnished,Family,3,Contact Agent
2,1300,2 out of 2,Carpet Area,Hyderabad,Unfurnished,Bachelors/Family,2,Contact Owner
1,444,8 out of 11,Carpet Area,Mumbai,Unfurnished,Bachelors,2,Contact Agent
1,710,1 out of 1,Super Area,Kolkata,Furnished,Bachelors,1,Contact Agent
3,1330,1 out of 3,Carpet Area,Kolkata,Unfurnished,Bachelors,2,Contact Agent
4,1500,Ground out of 2,Carpet Area,Kolkata,Unfurnished,Bachelors,2,Contact Agent
2,850,Ground out of 3,Super Area,Kolkata,Unfurnished,Bachelors,1,Contact Owner
2,750,5 out of 7,Carpet Area,Mumbai,Unfurnished,Bachelors/Family,2,Contact Agent
4,272,1 out of 4,Carpet Area,Delhi,Unfurnished,Bachelors/Family,4,Contact Agent
2,1000,1 out of 5,Super Area,Bangalore,Unfurnished,Bachelors/Family,2,Contact Owner
1,200,Ground out of 5,Super Area,Mumbai,Unfurnished,Bachelors/Family,1,Contact Owner
2,68,3 out of 5,Super Area,Delhi,Unfurnished,Bachelors/Family,1,Contact Owner
4,2700,2 out of 4,Carpet Area,Delhi,Semi-Furnished,Bachelors,4,Contact Agent
2,700,1 out of 2,Super Area,Kolkata,Unfurnished,Bachelors/Family,2,Contact Owner
2,1100,Ground out of 1,Carpet Area,Chennai,Semi-Furnished,Family,1,Contact Owner
1,433,2 out of 7,Carpet Area,Mumbai,Unfurnished,Bachelors,2,Contact Agent
1,600,4 out of 5,Carpet Area,Bangalore,Semi-Furnished,Bachelors/Family,1,Contact Agent
2,1800,1 out of 2,Carpet Area,Delhi,Unfurnished,Bachelors,1,Contact Owner
1,600,5 out of 5,Carpet Area,Bangalore,Semi-Furnished,Bachelors/Family,1,Contact Agent
1,450,3 out of 4,Carpet Area,Bangalore,Semi-Furnished,Bachelors/Family,1,Contact Owner
2,1200,3 out of 6,Carpet Area,Bangalore,Furnished,Bachelors/Family,1,Contact Agent
1,424,16 out of 23,Carpet Area,Mumbai,Unfurnished,Bachelors/Family,2,Contact Agent
1,700,5 out of 5,Carpet Area,Hyderabad,Semi-Furnished,Bachelors/Family,1,Contact Owner
2,90,4 out of 5,Super Area,Delhi,Semi-Furnished,Bachelors/Family,2,Contact Owner
2,1300,1 out of 3,Carpet Area,Chennai,Semi-Furnished,Bachelors,2,Contact Agent
2,1000,4 out of 4,Carpet Area,Bangalore,Semi-Furnished,Bachelors,2,Contact Agent
1,472,13 out of 14,Carpet Area,Mumbai,Semi-Furnished,Bachelors,2,Contact Owner
2,600,1 out of 3,Super Area,Bangalore,Unfurnished,Bachelors/Family,2,Contact Owner
2,1000,3 out of 4,Super Area,Delhi,Semi-Furnished,Bachelors/Family,1,Contact Owner
4,4000,Ground out of 3,Super Area,Kolkata,Furnished,Bachelors/Family,3,Contact Agent
3,1430,3 out of 4,Super Area,Bangalore,Semi-Furnished,Bachelors/Family,2,Contact Owner
2,800,1 out of 4,Super Area,Bangalore,Unfurnished,Bachelors/Family,2,Contact Owner
2,1105,1 out of 4,Super Area,Bangalore,Semi-Furnished,Bachelors/Family,2,Contact Owner
2,1200,1 out of 2,Super Area,Bangalore,Semi-Furnished,Bachelors/Family,2,Contact Owner
3,2430,4 out of 5,Super Area,Bangalore,Semi-Furnished,Bachelors/Family,3,Contact Owner
2,700,1 out of 4,Super Area,Bangalore,Semi-Furnished,Bachelors/Family,2,Contact Owner
1,450,Ground out of 1,Carpet Area,Chennai,Semi-Furnished,Family,1,Contact Owner
2,800,1 out of 5,Super Area,Bangalore,Unfurnished,Bachelors/Family,2,Contact Owner
2,600,Ground out of 2,Super Area,Bangalore,Semi-Furnished,Bachelors/Family,1,Contact Owner
2,1000,2 out of 3,Carpet Area,Bangalore,Semi-Furnished,Bachelors,2,Contact Agent
3,1500,2 out of 4,Super Area,Bangalore,Semi-Furnished,Bachelors/Family,3,Contact Owner
3,1320,3 out of 4,Super Area,Bangalore,Semi-Furnished,Bachelors/Family,2,Contact Owner
2,90,2 out of 4,Super Area,Delhi,Semi-Furnished,Bachelors/Family,2,Contact Owner
2,600,2 out of 3,Super Area,Bangalore,Semi-Furnished,Bachelors/Family,1,Contact Owner
1,600,5 out of 5,Carpet Area,Bangalore,Semi-Furnished,Bachelors/Family,1,Contact Agent
2,700,Ground out of 2,Carpet Area,Kolkata,Unfurnished,Bachelors/Family,2,Contact Owner
2,800,2 out of 4,Super Area,Bangalore,Semi-Furnished,Bachelors/Family,2,Contact Owner
2,900,4 out of 5,Super Area,Bangalore,Furnished,Bachelors/Family,2,Contact Owner
3,180,Ground out of 4,Carpet Area,Delhi,Unfurnished,Bachelors,3,Contact Agent
2,1200,2 out of 5,Super Area,Bangalore,Semi-Furnished,Bachelors/Family,2,Contact Owner
2,850,Ground out of 3,Super Area,Bangalore,Semi-Furnished,Bachelors/Family,2,Contact Owner
2,1050,14 out of 15,Carpet Area,Mumbai,Furnished,Bachelors/Family,2,Contact Agent
3,1650,1 out of 1,Carpet Area,Chennai,Semi-Furnished,Bachelors,3,Contact Owner
1,300,Ground out of 4,Carpet Area,Delhi,Semi-Furnished,Bachelors/Family,1,Contact Agent
2,1300,Ground out of 2,Carpet Area,Delhi,Furnished,Bachelors/Family,2,Contact Owner
1,300,2 out of 3,Super Area,Bangalore,Unfurnished,Bachelors/Family,1,Contact Owner
5,1880,15 out of 31,Carpet Area,Mumbai,Furnished,Family,5,Contact Agent
2,850,2 out of 3,Super Area,Bangalore,Semi-Furnished,Bachelors/Family,1,Contact Owner
1,500,2 out of 4,Super Area,Bangalore,Semi-Furnished,Bachelors/Family,1,Contact Owner
3,1300,6 out of 7,Carpet Area,Mumbai,Semi-Furnished,Bachelors/Family,3,Contact Agent
3,1100,Ground out of 2,Super Area,Kolkata,Unfurnished,Bachelors/Family,3,Contact Owner
2,1200,3 out of 5,Carpet Area,Bangalore,Semi-Furnished,Bachelors/Family,2,Contact Agent
3,1350,2 out of 5,Carpet Area,Bangalore,Semi-Furnished,Bachelors/Family,2,Contact Agent
1,500,1 out of 7,Carpet Area,Mumbai,Unfurnished,Bachelors/Family,2,Contact Agent
2,1200,2 out of 3,Super Area,Bangalore,Semi-Furnished,Bachelors/Family,2,Contact Owner
1,600,3 out of 5,Carpet Area,Bangalore,Semi-Furnished,Bachelors/Family,1,Contact Agent
3,1550,2 out of 4,Carpet Area,Delhi,Semi-Furnished,Bachelors,3,Contact Agent
3,1800,2 out of 4,Carpet Area,Hyderabad,Semi-Furnished,Bachelors/Family,3,Contact Owner
3,1600,2 out of 4,Super Area,Bangalore,Semi-Furnished,Bachelors/Family,2,Contact Owner
1,500,1 out of 2,Super Area,Bangalore,Unfurnished,Bachelors/Family,1,Contact Owner
4,2700,2 out of 3,Carpet Area,Delhi,Semi-Furnished,Bachelors/Family,3,Contact Agent
2,1650,2 out of 4,Carpet Area,Delhi,Furnished,Bachelors,2,Contact Agent
2,900,Ground out of 3,Carpet Area,Delhi,Semi-Furnished,Bachelors/Family,2,Contact Agent
5,2308,17 out of 31,Carpet Area,Mumbai,Furnished,Family,5,Contact Agent
3,1110,9 out of 55,Carpet Area,Mumbai,Furnished,Bachelors/Family,3,Contact Agent
3,1110,49 out of 55,Carpet Area,Mumbai,Semi-Furnished,Bachelors/Family,3,Contact Agent
3,1200,1 out of 4,Super Area,Delhi,Semi-Furnished,Bachelors/Family,2,Contact Owner
2,80,1 out of 5,Super Area,Delhi,Semi-Furnished,Bachelors/Family,2,Contact Owner
2,700,Ground out of 4,Super Area,Delhi,Unfurnished,Bachelors/Family,2,Contact Owner
1,600,3 out of 4,Super Area,Bangalore,Semi-Furnished,Bachelors/Family,1,Contact Owner
3,1150,10 out of 12,Carpet Area,Mumbai,Unfurnished,Family,3,Contact Agent
1,390,Upper Basement out of 7,Carpet Area,Mumbai,Semi-Furnished,Bachelors/Family,2,Contact Agent
2,400,2 out of 3,Carpet Area,Delhi,Semi-Furnished,Bachelors,1,Contact Owner
1,600,2 out of 4,Super Area,Bangalore,Unfurnished,Bachelors/Family,1,Contact Owner
2,103,Ground out of 1,Super Area,Hyderabad,Unfurnished,Bachelors/Family,2,Contact Owner
3,1200,Ground out of 3,Super Area,Kolkata,Semi-Furnished,Bachelors/Family,3,Contact Agent
3,1100,3 out of 3,Carpet Area,Delhi,Semi-Furnished,Bachelors/Family,2,Contact Owner
1,600,1 out of 4,Super Area,Bangalore,Unfurnished,Bachelors/Family,1,Contact Owner
3,713,1 out of 1,Carpet Area,Delhi,Furnished,Bachelors/Family,3,Contact Owner
2,1200,1 out of 2,Super Area,Kolkata,Semi-Furnished,Bachelors/Family,2,Contact Agent
3,1100,1 out of 4,Carpet Area,Delhi,Unfurnished,Bachelors,3,Contact Agent
3,150,1 out of 3,Carpet Area,Delhi,Semi-Furnished,Bachelors,3,Contact Agent
3,200,3 out of 3,Carpet Area,Delhi,Unfurnished,Bachelors,3,Contact Agent
1,500,1 out of 4,Super Area,Delhi,Semi-Furnished,Bachelors/Family,1,Contact Owner
2,800,1 out of 2,Super Area,Kolkata,Unfurnished,Bachelors/Family,1,Contact Owner
3,1250,Ground out of 1,Super Area,Bangalore,Semi-Furnished,Bachelors/Family,2,Contact Owner
1,600,1 out of 4,Carpet Area,Bangalore,Semi-Furnished,Bachelors/Family,1,Contact Agent
2,826,1 out of 2,Super Area,Chennai,Semi-Furnished,Bachelors/Family,2,Contact Owner
2,900,5 out of 19,Carpet Area,Mumbai,Semi-Furnished,Family,2,Contact Agent
3,1800,2 out of 12,Carpet Area,Mumbai,Furnished,Family,4,Contact Agent
2,1100,Ground out of 2,Carpet Area,Kolkata,Unfurnished,Bachelors,2,Contact Owner
2,1100,1 out of 3,Super Area,Bangalore,Semi-Furnished,Bachelors/Family,1,Contact Owner
2,450,Ground out of 2,Super Area,Delhi,Unfurnished,Bachelors/Family,1,Contact Owner
3,100,3 out of 4,Super Area,Delhi,Semi-Furnished,Bachelors/Family,2,Contact Owner
1,550,2 out of 4,Super Area,Mumbai,Semi-Furnished,Bachelors/Family,1,Contact Owner
1,360,Ground out of 1,Super Area,Chennai,Unfurnished,Bachelors/Family,1,Contact Owner
3,300,1 out of 3,Carpet Area,Delhi,Furnished,Bachelors,3,Contact Agent
2,1065,1 out of 2,Super Area,Chennai,Semi-Furnished,Family,2,Contact Owner
2,1000,3 out of 7,Super Area,Mumbai,Unfurnished,Bachelors/Family,2,Contact Owner
1,450,1 out of 4,Carpet Area,Delhi,Semi-Furnished,Bachelors/Family,1,Contact Owner
1,380,3 out of 4,Carpet Area,Mumbai,Semi-Furnished,Bachelors/Family,1,Contact Agent
1,500,3 out of 4,Super Area,Mumbai,Unfurnished,Bachelors/Family,1,Contact Owner
3,1800,2 out of 3,Carpet Area,Delhi,Semi-Furnished,Bachelors/Family,3,Contact Agent
2,750,4 out of 13,Carpet Area,Mumbai,Furnished,Bachelors/Family,2,Contact Agent
2,1000,2 out of 3,Super Area,Delhi,Furnished,Bachelors/Family,2,Contact Owner
2,670,7 out of 7,Carpet Area,Mumbai,Unfurnished,Family,2,Contact Owner
2,700,1 out of 2,Super Area,Bangalore,Unfurnished,Bachelors/Family,2,Contact Owner
2,1000,Ground out of 4,Super Area,Bangalore,Semi-Furnished,Bachelors/Family,2,Contact Owner
2,1100,Ground out of 3,Super Area,Bangalore,Semi-Furnished,Bachelors/Family,2,Contact Owner
3,1600,2 out of 3,Carpet Area,Chennai,Semi-Furnished,Bachelors,3,Contact Agent
1,890,4 out of 5,Carpet Area,Hyderabad,Semi-Furnished,Bachelors,1,Contact Owner
3,1360,1 out of 4,Super Area,Bangalore,Semi-Furnished,Bachelors/Family,2,Contact Owner
2,640,Ground out of 1,Carpet Area,Chennai,Unfurnished,Bachelors/Family,2,Contact Owner
2,500,2 out of 4,Carpet Area,Delhi,Semi-Furnished,Bachelors/Family,2,Contact Agent
4,3000,1 out of 2,Carpet Area,Chennai,Unfurnished,Bachelors,4,Contact Agent
1,400,2 out of 4,Super Area,Delhi,Furnished,Bachelors/Family,1,Contact Owner
3,1800,2 out of 4,Carpet Area,Chennai,Unfurnished,Bachelors,3,Contact Agent
2,910,Ground out of 1,Super Area,Chennai,Semi-Furnished,Bachelors/Family,2,Contact Owner
1,700,1 out of 2,Super Area,Chennai,Semi-Furnished,Bachelors/Family,1,Contact Owner
2,800,Ground out of 1,Carpet Area,Hyderabad,Unfurnished,Bachelors,2,Contact Owner
2,720,8 out of 20,Carpet Area,Mumbai,Furnished,Bachelors/Family,2,Contact Agent
2,1200,4 out of 8,Super Area,Hyderabad,Furnished,Bachelors/Family,2,Contact Owner
1,350,2 out of 3,Super Area,Mumbai,Unfurnished,Bachelors/Family,1,Contact Owner
1,800,1 out of 1,Super Area,Bangalore,Unfurnished,Bachelors/Family,1,Contact Owner
1,400,3 out of 3,Carpet Area,Bangalore,Semi-Furnished,Bachelors/Family,1,Contact Owner
3,1500,1 out of 1,Super Area,Bangalore,Semi-Furnished,Bachelors/Family,2,Contact Owner
2,870,2 out of 2,Carpet Area,Chennai,Semi-Furnished,Bachelors/Family,2,Contact Owner
3,3000,3 out of 5,Carpet Area,Hyderabad,Furnished,Bachelors/Family,2,Contact Owner
2,650,3 out of 5,Carpet Area,Hyderabad,Unfurnished,Bachelors/Family,2,Contact Owner
3,2671,2 out of 14,Carpet Area,Hyderabad,Semi-Furnished,Family,3,Contact Owner
3,1500,1 out of 1,Super Area,Hyderabad,Semi-Furnished,Bachelors/Family,3,Contact Owner
3,1800,2 out of 2,Carpet Area,Hyderabad,Semi-Furnished,Bachelors/Family,4,Contact Owner
2,670,2 out of 4,Super Area,Delhi,Furnished,Bachelors/Family,2,Contact Owner
1,550,2 out of 2,Super Area,Chennai,Furnished,Bachelors/Family,1,Contact Owner
3,1300,3 out of 4,Carpet Area,Delhi,Semi-Furnished,Bachelors,3,Contact Agent
2,1200,2 out of 5,Super Area,Hyderabad,Semi-Furnished,Bachelors/Family,2,Contact Owner
1,650,3 out of 3,Super Area,Hyderabad,Semi-Furnished,Bachelors/Family,1,Contact Owner
2,1100,2 out of 2,Super Area,Hyderabad,Semi-Furnished,Bachelors/Family,2,Contact Owner
3,1350,Ground out of 1,Super Area,Chennai,Furnished,Bachelors,3,Contact Owner
3,1800,1 out of 2,Carpet Area,Hyderabad,Semi-Furnished,Family,3,Contact Owner
2,1200,1 out of 1,Carpet Area,Bangalore,Semi-Furnished,Bachelors/Family,1,Contact Owner
2,780,3 out of 3,Carpet Area,Hyderabad,Unfurnished,Bachelors,2,Contact Owner
3,1850,3 out of 3,Carpet Area,Bangalore,Furnished,Bachelors/Family,3,Contact Owner
2,1080,3 out of 12,Carpet Area,Bangalore,Furnished,Bachelors/Family,2,Contact Owner
3,1700,3 out of 4,Carpet Area,Delhi,Semi-Furnished,Bachelors,3,Contact Agent
2,939,3 out of 4,Super Area,Chennai,Semi-Furnished,Bachelors/Family,2,Contact Owner
3,1350,2 out of 3,Carpet Area,Delhi,Semi-Furnished,Bachelors,3,Contact Agent
3,1700,2 out of 4,Carpet Area,Delhi,Semi-Furnished,Bachelors,3,Contact Agent
2,1050,Ground out of 2,Super Area,Bangalore,Furnished,Bachelors/Family,2,Contact Owner
2,700,10 out of 11,Carpet Area,Mumbai,Furnished,Bachelors/Family,2,Contact Agent
2,630,6 out of 7,Carpet Area,Mumbai,Unfurnished,Family,2,Contact Agent
2,1100,1 out of 5,Super Area,Hyderabad,Furnished,Bachelors/Family,2,Contact Owner
2,1150,2 out of 5,Carpet Area,Hyderabad,Semi-Furnished,Bachelors,2,Contact Agent
2,1150,2 out of 4,Carpet Area,Bangalore,Furnished,Bachelors,2,Contact Agent
3,1710,6 out of 18,Carpet Area,Bangalore,Unfurnished,Bachelors/Family,3,Contact Agent
2,650,5 out of 8,Carpet Area,Mumbai,Unfurnished,Bachelors/Family,2,Contact Agent
3,1330,11 out of 51,Carpet Area,Mumbai,Semi-Furnished,Bachelors/Family,4,Contact Agent
3,1700,1 out of 4,Carpet Area,Delhi,Furnished,Bachelors,3,Contact Agent
2,900,1 out of 1,Carpet Area,Bangalore,Semi-Furnished,Bachelors/Family,1,Contact Owner
3,1300,5 out of 8,Carpet Area,Mumbai,Semi-Furnished,Bachelors/Family,3,Contact Agent
2,550,7 out of 7,Carpet Area,Mumbai,Semi-Furnished,Bachelors,2,Contact Agent
3,1500,2 out of 14,Carpet Area,Hyderabad,Semi-Furnished,Family,3,Contact Agent
3,1645,8 out of 19,Carpet Area,Hyderabad,Semi-Furnished,Bachelors/Family,3,Contact Agent
3,1550,30 out of 37,Carpet Area,Mumbai,Furnished,Bachelors/Family,3,Contact Agent
2,700,5 out of 7,Carpet Area,Mumbai,Furnished,Bachelors,2,Contact Agent
3,100,2 out of 3,Super Area,Delhi,Semi-Furnished,Bachelors/Family,2,Contact Agent
4,1900,5 out of 11,Carpet Area,Mumbai,Furnished,Bachelors/Family,3,Contact Agent
2,1100,2 out of 3,Super Area,Bangalore,Semi-Furnished,Bachelors/Family,2,Contact Owner
3,1940,1 out of 5,Carpet Area,Hyderabad,Semi-Furnished,Bachelors,3,Contact Owner
3,1064,7 out of 22,Carpet Area,Mumbai,Unfurnished,Bachelors/Family,3,Contact Agent
1,500,1 out of 2,Super Area,Hyderabad,Semi-Furnished,Bachelors/Family,1,Contact Owner
3,2390,3 out of 17,Super Area,Bangalore,Semi-Furnished,Bachelors/Family,3,Contact Owner
3,1800,Ground out of 4,Carpet Area,Delhi,Semi-Furnished,Bachelors/Family,3,Contact Agent
3,2600,8 out of 18,Carpet Area,Bangalore,Semi-Furnished,Family,4,Contact Agent
2,450,4 out of 4,Super Area,Delhi,Semi-Furnished,Bachelors/Family,1,Contact Owner
2,1000,Ground out of 1,Carpet Area,Hyderabad,Semi-Furnished,Family,2,Contact Owner
3,1520,23 out of 25,Carpet Area,Bangalore,Semi-Furnished,Bachelors/Family,4,Contact Agent
2,1080,Ground out of 2,Carpet Area,Bangalore,Semi-Furnished,Family,2,Contact Owner
3,1600,1 out of 6,Super Area,Hyderabad,Semi-Furnished,Bachelors/Family,3,Contact Owner
2,700,8 out of 15,Carpet Area,Mumbai,Semi-Furnished,Bachelors/Family,2,Contact Agent
2,850,1 out of 8,Carpet Area,Mumbai,Furnished,Bachelors,2,Contact Agent
2,1350,5 out of 14,Super Area,Hyderabad,Semi-Furnished,Bachelors,2,Contact Agent
3,1550,22 out of 24,Carpet Area,Mumbai,Semi-Furnished,Bachelors/Family,3,Contact Agent
3,1460,6 out of 12,Carpet Area,Bangalore,Unfurnished,Bachelors,3,Contact Agent
3,1500,23 out of 34,Carpet Area,Hyderabad,Semi-Furnished,Family,2,Contact Agent
2,1350,3 out of 5,Super Area,Hyderabad,Semi-Furnished,Bachelors/Family,2,Contact Owner
2,600,9 out of 17,Carpet Area,Mumbai,Semi-Furnished,Bachelors/Family,2,Contact Agent
3,1838,4 out of 30,Super Area,Hyderabad,Unfurnished,Bachelors,3,Contact Agent
3,2800,6 out of 30,Carpet Area,Bangalore,Furnished,Bachelors/Family,3,Contact Agent
3,1300,1 out of 3,Super Area,Chennai,Semi-Furnished,Family,3,Contact Owner
2,500,2 out of 5,Carpet Area,Bangalore,Semi-Furnished,Bachelors,1,Contact Agent
3,889,7 out of 27,Carpet Area,Mumbai,Semi-Furnished,Bachelors/Family,2,Contact Agent
1,600,1 out of 4,Carpet Area,Hyderabad,Semi-Furnished,Bachelors/Family,1,Contact Agent
1,480,1 out of 7,Carpet Area,Mumbai,Semi-Furnished,Family,2,Contact Agent
1,434,5 out of 22,Carpet Area,Mumbai,Semi-Furnished,Bachelors/Family,2,Contact Agent
1,360,4 out of 20,Carpet Area,Mumbai,Unfurnished,Bachelors/Family,1,Contact Agent
1,450,1 out of 2,Super Area,Hyderabad,Unfurnished,Bachelors/Family,1,Contact Owner
1,450,9 out of 20,Carpet Area,Mumbai,Unfurnished,Family,2,Contact Agent
6,4500,1 out of 2,Super Area,Hyderabad,Semi-Furnished,Bachelors/Family,6,Contact Owner
3,920,4 out of 13,Carpet Area,Mumbai,Unfurnished,Family,3,Contact Agent
3,3200,1 out of 3,Carpet Area,Hyderabad,Semi-Furnished,Bachelors/Family,3,Contact Agent
2,770,1 out of 4,Super Area,Hyderabad,Semi-Furnished,Bachelors/Family,2,Contact Owner
2,2000,Ground out of 3,Super Area,Hyderabad,Unfurnished,Bachelors/Family,2,Contact Owner
1,444,7 out of 17,Carpet Area,Mumbai,Unfurnished,Bachelors/Family,2,Contact Agent
2,750,17 out of 20,Carpet Area,Mumbai,Semi-Furnished,Family,2,Contact Agent
2,1280,Ground out of 1,Super Area,Hyderabad,Unfurnished,Bachelors/Family,3,Contact Owner
1,300,1 out of 2,Super Area,Hyderabad,Unfurnished,Bachelors/Family,1,Contact Owner
1,300,Ground out of 2,Super Area,Hyderabad,Unfurnished,Bachelors/Family,1,Contact Owner
2,1200,36 out of 45,Carpet Area,Mumbai,Semi-Furnished,Bachelors/Family,3,Contact Agent
2,1000,4 out of 5,Super Area,Hyderabad,Unfurnished,Bachelors/Family,2,Contact Owner
4,2046,22 out of 52,Carpet Area,Mumbai,Semi-Furnished,Bachelors/Family,5,Contact Agent
2,771,15 out of 37,Carpet Area,Mumbai,Unfurnished,Bachelors/Family,2,Contact Agent
2,660,25 out of 43,Carpet Area,Mumbai,Semi-Furnished,Bachelors,2,Contact Agent
1,550,4 out of 6,Super Area,Hyderabad,Furnished,Bachelors/Family,1,Contact Owner
2,650,5 out of 16,Carpet Area,Mumbai,Unfurnished,Family,2,Contact Agent
2,1800,Ground out of 1,Super Area,Hyderabad,Semi-Furnished,Bachelors/Family,2,Contact Owner
3,1800,10 out of 13,Super Area,Mumbai,Semi-Furnished,Bachelors/Family,3,Contact Agent
2,1000,2 out of 4,Super Area,Hyderabad,Unfurnished,Bachelors/Family,2,Contact Owner
3,967,14 out of 33,Carpet Area,Mumbai,Furnished,Bachelors/Family,3,Contact Agent
2,888,5 out of 20,Carpet Area,Mumbai,Semi-Furnished,Bachelors/Family,2,Contact Agent
2,771,20 out of 37,Carpet Area,Mumbai,Unfurnished,Bachelors/Family,2,Contact Agent
4,3789,9 out of 22,Carpet Area,Hyderabad,Semi-Furnished,Family,5,Contact Agent
2,700,7 out of 10,Carpet Area,Mumbai,Furnished,Bachelors/Family,2,Contact Agent
3,985,Lower Basement out of 18,Carpet Area,Mumbai,Unfurnished,Family,3,Contact Agent
2,1040,2 out of 4,Carpet Area,Hyderabad,Unfurnished,Bachelors,2,Contact Owner
2,855,4 out of 5,Carpet Area,Hyderabad,Unfurnished,Bachelors,2,Contact Agent
2,805,48 out of 68,Carpet Area,Mumbai,Semi-Furnished,Bachelors/Family,3,Contact Agent
3,1233,35 out of 68,Carpet Area,Mumbai,Semi-Furnished,Bachelors/Family,4,Contact Agent
2,650,5 out of 6,Carpet Area,Mumbai,Semi-Furnished,Bachelors/Family,2,Contact Owner
2,753,11 out of 31,Carpet Area,Mumbai,Unfurnished,Bachelors/Family,2,Contact Agent
2,670,5 out of 17,Carpet Area,Mumbai,Unfurnished,Bachelors,2,Contact Agent
3,1700,6 out of 13,Super Area,Hyderabad,Semi-Furnished,Family,3,Contact Agent
2,751,16 out of 20,Carpet Area,Mumbai,Semi-Furnished,Bachelors/Family,2,Contact Agent
3,1088,16 out of 37,Carpet Area,Mumbai,Semi-Furnished,Bachelors/Family,3,Contact Agent
3,2405,10 out of 14,Super Area,Hyderabad,Semi-Furnished,Bachelors,3,Contact Agent
4,2650,14 out of 48,Carpet Area,Mumbai,Semi-Furnished,Bachelors/Family,3,Contact Agent
3,2700,2 out of 5,Carpet Area,Hyderabad,Semi-Furnished,Bachelors/Family,3,Contact Agent
3,975,29 out of 35,Carpet Area,Mumbai,Semi-Furnished,Bachelors/Family,2,Contact Agent
1,850,3 out of 5,Carpet Area,Hyderabad,Semi-Furnished,Bachelors,1,Contact Agent
1,650,2 out of 4,Carpet Area,Hyderabad,Semi-Furnished,Bachelors,1,Contact Agent
2,1000,2 out of 3,Super Area,Hyderabad,Unfurnished,Bachelors/Family,2,Contact Owner
6,4200,Ground out of 2,Super Area,Hyderabad,Semi-Furnished,Bachelors/Family,5,Contact Owner
2,1000,5 out of 5,Super Area,Hyderabad,Semi-Furnished,Family,2,Contact Owner
2,1050,Ground out of 1,Super Area,Hyderabad,Unfurnished,Bachelors/Family,2,Contact Owner
1,600,2 out of 3,Super Area,Hyderabad,Unfurnished,Bachelors/Family,1,Contact Owner
2,955,34 out of 40,Carpet Area,Mumbai,Semi-Furnished,Bachelors,2,Contact Agent
3,1915,8 out of 23,Super Area,Mumbai,Semi-Furnished,Family,4,Contact Agent
2,750,2 out of 8,Super Area,Mumbai,Furnished,Bachelors,2,Contact Owner
4,1250,2 out of 7,Carpet Area,Mumbai,Furnished,Family,4,Contact Agent
3,960,9 out of 21,Carpet Area,Mumbai,Semi-Furnished,Family,3,Contact Agent
2,1200,Ground out of 2,Super Area,Hyderabad,Semi-Furnished,Bachelors/Family,2,Contact Owner
2,950,4 out of 4,Super Area,Hyderabad,Furnished,Bachelors/Family,2,Contact Owner
2,1100,1 out of 4,Super Area,Bangalore,Semi-Furnished,Bachelors/Family,2,Contact Owner
2,600,9 out of 11,Carpet Area,Mumbai,Semi-Furnished,Bachelors/Family,2,Contact Agent
2,660,Ground out of 6,Carpet Area,Mumbai,Semi-Furnished,Bachelors/Family,2,Contact Agent
2,724,19 out of 21,Carpet Area,Mumbai,Semi-Furnished,Bachelors,2,Contact Agent
3,2080,2 out of 5,Carpet Area,Bangalore,Semi-Furnished,Family,3,Contact Owner
2,800,1 out of 1,Super Area,Bangalore,Semi-Furnished,Family,2,Contact Owner
4,2500,3 out of 7,Carpet Area,Mumbai,Semi-Furnished,Bachelors/Family,4,Contact Agent
2,1100,2 out of 2,Super Area,Kolkata,Furnished,Bachelors,2,Contact Agent
3,1250,3 out of 5,Carpet Area,Bangalore,Semi-Furnished,Bachelors/Family,3,Contact Agent
2,1274,9 out of 32,Carpet Area,Bangalore,Semi-Furnished,Bachelors/Family,2,Contact Agent
3,800,Ground out of 1,Super Area,Kolkata,Unfurnished,Bachelors/Family,2,Contact Owner
2,1350,20 out of 35,Carpet Area,Hyderabad,Furnished,Bachelors,2,Contact Agent
4,7000,Lower Basement out of 2,Carpet Area,Hyderabad,Semi-Furnished,Bachelors/Family,6,Contact Agent
3,1603,26 out of 32,Carpet Area,Bangalore,Semi-Furnished,Bachelors/Family,3,Contact Agent
2,985,7 out of 15,Carpet Area,Mumbai,Unfurnished,Bachelors/Family,2,Contact Agent
3,1100,1 out of 4,Carpet Area,Hyderabad,Semi-Furnished,Bachelors/Family,1,Contact Agent
3,1550,2 out of 5,Carpet Area,Bangalore,Semi-Furnished,Bachelors/Family,3,Contact Agent
3,1680,4 out of 9,Carpet Area,Bangalore,Unfurnished,Bachelors,3,Contact Agent
4,4341,9 out of 15,Carpet Area,Bangalore,Semi-Furnished,Bachelors/Family,4,Contact Agent
2,1200,4 out of 4,Carpet Area,Bangalore,Semi-Furnished,Bachelors/Family,2,Contact Agent
1,900,3 out of 5,Carpet Area,Bangalore,Semi-Furnished,Bachelors,1,Contact Agent
1,540,1 out of 5,Carpet Area,Hyderabad,Unfurnished,Bachelors,1,Contact Agent
3,1700,19 out of 26,Carpet Area,Bangalore,Semi-Furnished,Bachelors/Family,3,Contact Agent
1,400,3 out of 7,Carpet Area,Mumbai,Furnished,Bachelors/Family,1,Contact Agent
2,160,Ground out of 2,Super Area,Hyderabad,Unfurnished,Bachelors/Family,2,Contact Owner
3,2235,Ground out of 10,Carpet Area,Hyderabad,Unfurnished,Family,5,Contact Agent
2,670,4 out of 16,Carpet Area,Mumbai,Semi-Furnished,Family,2,Contact Owner
3,1500,7 out of 12,Carpet Area,Mumbai,Unfurnished,Family,3,Contact Agent
2,1000,1 out of 3,Super Area,Hyderabad,Semi-Furnished,Bachelors/Family,2,Contact Owner
2,1000,1 out of 1,Super Area,Hyderabad,Semi-Furnished,Bachelors/Family,3,Contact Owner
3,2000,Ground out of 2,Super Area,Hyderabad,Semi-Furnished,Bachelors/Family,3,Contact Owner
1,500,9 out of 16,Carpet Area,Mumbai,Unfurnished,Bachelors,2,Contact Agent
2,650,10 out of 18,Carpet Area,Mumbai,Semi-Furnished,Bachelors/Family,2,Contact Agent
2,1296,9 out of 22,Carpet Area,Bangalore,Semi-Furnished,Bachelors/Family,2,Contact Agent
1,550,2 out of 5,Carpet Area,Bangalore,Semi-Furnished,Bachelors,1,Contact Agent
2,920,Ground out of 27,Super Area,Hyderabad,Unfurnished,Bachelors/Family,2,Contact Owner
3,1700,Ground out of 15,Super Area,Hyderabad,Furnished,Bachelors/Family,3,Contact Owner
2,1600,1 out of 5,Super Area,Hyderabad,Unfurnished,Bachelors/Family,2,Contact Owner
3,1545,4 out of 6,Super Area,Hyderabad,Furnished,Bachelors/Family,2,Contact Owner
1,450,4 out of 7,Carpet Area,Mumbai,Semi-Furnished,Family,2,Contact Agent
3,1742,11 out of 35,Carpet Area,Hyderabad,Semi-Furnished,Family,3,Contact Agent
2,1100,2 out of 4,Super Area,Hyderabad,Semi-Furnished,Bachelors/Family,2,Contact Owner
3,1900,1 out of 2,Carpet Area,Hyderabad,Semi-Furnished,Bachelors/Family,3,Contact Owner
2,600,14 out of 22,Carpet Area,Mumbai,Semi-Furnished,Bachelors/Family,2,Contact Agent
2,670,17 out of 22,Carpet Area,Mumbai,Unfurnished,Bachelors/Family,2,Contact Agent
3,2000,1 out of 2,Carpet Area,Bangalore,Semi-Furnished,Bachelors/Family,3,Contact Agent
3,1680,7 out of 19,Super Area,Bangalore,Semi-Furnished,Bachelors/Family,3,Contact Agent
3,2000,23 out of 40,Carpet Area,Bangalore,Semi-Furnished,Bachelors,3,Contact Agent
3,1300,6 out of 7,Carpet Area,Mumbai,Semi-Furnished,Bachelors/Family,3,Contact Agent
1,500,1 out of 4,Carpet Area,Bangalore,Semi-Furnished,Bachelors,1,Contact Agent
2,720,4 out of 4,Carpet Area,Kolkata,Semi-Furnished,Bachelors/Family,2,Contact Owner
3,1233,14 out of 68,Carpet Area,Mumbai,Semi-Furnished,Bachelors/Family,4,Contact Agent
1,550,1 out of 5,Carpet Area,Hyderabad,Unfurnished,Bachelors,1,Contact Agent
3,2000,4 out of 17,Carpet Area,Hyderabad,Semi-Furnished,Family,3,Contact Agent
2,805,12 out of 68,Carpet Area,Mumbai,Semi-Furnished,Bachelors/Family,3,Contact Agent
3,1742,24 out of 33,Carpet Area,Hyderabad,Semi-Furnished,Family,3,Contact Agent
3,1700,3 out of 4,Carpet Area,Bangalore,Semi-Furnished,Bachelors/Family,3,Contact Agent
3,1100,1 out of 4,Carpet Area,Hyderabad,Semi-Furnished,Bachelors/Family,1,Contact Agent
3,1100,2 out of 5,Carpet Area,Hyderabad,Semi-Furnished,Bachelors/Family,1,Contact Agent
1,800,Ground out of 5,Carpet Area,Bangalore,Semi-Furnished,Family,1,Contact Agent
3,1800,1 out of 1,Super Area,Bangalore,Semi-Furnished,Bachelors/Family,3,Contact Agent
1,400,1 out of 2,Super Area,Bangalore,Unfurnished,Bachelors/Family,1,Contact Owner
2,755,12 out of 31,Carpet Area,Mumbai,Semi-Furnished,Bachelors,2,Contact Agent
1,500,2 out of 2,Carpet Area,Bangalore,Semi-Furnished,Bachelors,1,Contact Owner
2,806,3 out of 58,Carpet Area,Mumbai,Unfurnished,Bachelors/Family,3,Contact Agent
3,1250,12 out of 29,Carpet Area,Mumbai,Semi-Furnished,Family,3,Contact Agent
2,1100,Ground out of 4,Super Area,Chennai,Semi-Furnished,Bachelors/Family,2,Contact Owner
3,1725,2 out of 13,Super Area,Hyderabad,Furnished,Bachelors/Family,3,Contact Owner
3,1225,9 out of 18,Carpet Area,Chennai,Semi-Furnished,Bachelors/Family,3,Contact Agent
3,1700,15 out of 18,Super Area,Chennai,Semi-Furnished,Bachelors/Family,3,Contact Agent
2,890,2 out of 2,Super Area,Chennai,Unfurnished,Family,2,Contact Owner
2,600,Ground out of 2,Super Area,Kolkata,Unfurnished,Bachelors,1,Contact Agent
3,1496,10 out of 15,Carpet Area,Hyderabad,Semi-Furnished,Bachelors,2,Contact Agent
2,1200,1 out of 3,Super Area,Hyderabad,Unfurnished,Bachelors/Family,2,Contact Owner
3,1920,6 out of 15,Super Area,Chennai,Semi-Furnished,Family,3,Contact Agent
3,3500,3 out of 5,Carpet Area,Hyderabad,Semi-Furnished,Family,3,Contact Agent
2,1374,2 out of 3,Super Area,Hyderabad,Semi-Furnished,Bachelors/Family,2,Contact Owner
4,3115,3 out of 3,Super Area,Hyderabad,Furnished,Bachelors/Family,5,Contact Owner
2,1068,1 out of 2,Carpet Area,Chennai,Semi-Furnished,Family,2,Contact Owner
2,685,Ground out of 2,Super Area,Chennai,Unfurnished,Bachelors,2,Contact Owner
2,590,Ground out of 3,Carpet Area,Chennai,Semi-Furnished,Bachelors/Family,2,Contact Owner
3,2000,1 out of 3,Super Area,Chennai,Semi-Furnished,Bachelors/Family,3,Contact Owner
3,1955,1 out of 19,Super Area,Hyderabad,Unfurnished,Bachelors,3,Contact Agent
3,1400,11 out of 15,Super Area,Chennai,Semi-Furnished,Bachelors/Family,3,Contact Owner
3,2800,16 out of 19,Carpet Area,Hyderabad,Furnished,Family,3,Contact Agent
2,950,1 out of 5,Super Area,Hyderabad,Unfurnished,Bachelors/Family,2,Contact Owner
3,932,14 out of 20,Carpet Area,Mumbai,Semi-Furnished,Bachelors/Family,3,Contact Agent
2,700,1 out of 3,Super Area,Chennai,Unfurnished,Bachelors/Family,1,Contact Owner
3,1415,4 out of 13,Super Area,Chennai,Furnished,Bachelors/Family,2,Contact Owner
2,696,13 out of 21,Carpet Area,Mumbai,Semi-Furnished,Bachelors/Family,2,Contact Agent
1,550,Ground out of 2,Super Area,Chennai,Unfurnished,Bachelors/Family,1,Contact Owner
3,1150,32 out of 41,Carpet Area,Mumbai,Unfurnished,Bachelors/Family,3,Contact Agent
2,900,1 out of 2,Super Area,Chennai,Unfurnished,Bachelors/Family,2,Contact Owner
2,900,Ground out of 4,Carpet Area,Delhi,Furnished,Bachelors/Family,2,Contact Agent
2,575,1 out of 2,Carpet Area,Chennai,Semi-Furnished,Bachelors/Family,2,Contact Owner
2,1200,2 out of 5,Carpet Area,Hyderabad,Semi-Furnished,Bachelors,2,Contact Agent
2,800,2 out of 3,Super Area,Chennai,Unfurnished,Bachelors/Family,2,Contact Owner
2,1200,3 out of 4,Carpet Area,Chennai,Unfurnished,Bachelors/Family,2,Contact Agent
2,800,1 out of 5,Carpet Area,Mumbai,Furnished,Bachelors/Family,2,Contact Agent
3,1900,4 out of 10,Carpet Area,Hyderabad,Semi-Furnished,Family,3,Contact Agent
3,1450,1 out of 4,Carpet Area,Chennai,Unfurnished,Bachelors,2,Contact Agent
2,778,4 out of 4,Super Area,Chennai,Unfurnished,Bachelors/Family,2,Contact Owner
3,1800,14 out of 30,Carpet Area,Hyderabad,Unfurnished,Bachelors/Family,3,Contact Agent
2,560,Ground out of 3,Carpet Area,Mumbai,Furnished,Bachelors,2,Contact Owner
2,610,2 out of 4,Carpet Area,Chennai,Furnished,Bachelors/Family,1,Contact Agent
1,300,1 out of 2,Super Area,Chennai,Unfurnished,Bachelors,1,Contact Owner
2,1100,1 out of 2,Super Area,Chennai,Semi-Furnished,Bachelors,2,Contact Owner
1,700,Ground out of 2,Super Area,Chennai,Semi-Furnished,Bachelors/Family,1,Contact Owner
2,900,Ground out of 3,Super Area,Chennai,Semi-Furnished,Bachelors/Family,2,Contact Owner
4,1900,5 out of 20,Carpet Area,Chennai,Semi-Furnished,Family,4,Contact Agent
2,1100,1 out of 5,Super Area,Hyderabad,Furnished,Bachelors/Family,2,Contact Owner
3,2120,9 out of 18,Super Area,Chennai,Furnished,Bachelors/Family,3,Contact Owner
2,1000,Ground out of 2,Super Area,Chennai,Semi-Furnished,Bachelors/Family,2,Contact Owner
3,1900,3 out of 3,Carpet Area,Chennai,Semi-Furnished,Family,3,Contact Agent
2,1210,14 out of 29,Super Area,Chennai,Semi-Furnished,Bachelors/Family,2,Contact Owner
2,1428,4 out of 8,Super Area,Hyderabad,Semi-Furnished,Family,2,Contact Agent
3,2400,2 out of 2,Carpet Area,Chennai,Furnished,Bachelors/Family,3,Contact Agent
1,450,1 out of 3,Super Area,Hyderabad,Unfurnished,Family,1,Contact Agent
3,1550,1 out of 3,Carpet Area,Chennai,Unfurnished,Bachelors,3,Contact Agent
3,1400,2 out of 4,Super Area,Hyderabad,Unfurnished,Bachelors/Family,3,Contact Owner
3,1417,7 out of 30,Carpet Area,Hyderabad,Furnished,Bachelors,3,Contact Agent
2,800,13 out of 17,Carpet Area,Chennai,Semi-Furnished,Family,2,Contact Agent
2,800,1 out of 1,Carpet Area,Chennai,Semi-Furnished,Bachelors/Family,2,Contact Owner
2,900,Ground out of 2,Carpet Area,Hyderabad,Semi-Furnished,Bachelors,2,Contact Owner
3,1150,1 out of 2,Carpet Area,Kolkata,Unfurnished,Bachelors/Family,2,Contact Agent
2,950,1 out of 1,Carpet Area,Chennai,Unfurnished,Bachelors,2,Contact Owner
2,1135,3 out of 5,Super Area,Hyderabad,Semi-Furnished,Bachelors/Family,2,Contact Owner
2,1100,17 out of 20,Carpet Area,Chennai,Semi-Furnished,Family,2,Contact Agent
3,1100,5 out of 18,Carpet Area,Chennai,Unfurnished,Bachelors,2,Contact Agent
2,600,7 out of 7,Super Area,Hyderabad,Unfurnished,Bachelors/Family,2,Contact Owner
2,1080,1 out of 2,Super Area,Chennai,Unfurnished,Bachelors/Family,2,Contact Owner
3,2500,Ground out of 1,Carpet Area,Chennai,Unfurnished,Bachelors/Family,3,Contact Agent
3,1350,Ground out of 2,Super Area,Chennai,Furnished,Family,3,Contact Owner
3,1700,11 out of 17,Carpet Area,Hyderabad,Furnished,Bachelors/Family,3,Contact Agent
2,950,2 out of 3,Super Area,Chennai,Semi-Furnished,Bachelors/Family,2,Contact Owner
2,750,1 out of 5,Carpet Area,Chennai,Furnished,Family,2,Contact Owner
2,900,1 out of 4,Carpet Area,Chennai,Semi-Furnished,Family,2,Contact Agent
2,850,1 out of 3,Super Area,Chennai,Unfurnished,Bachelors/Family,2,Contact Owner
3,2100,Ground out of 2,Super Area,Chennai,Semi-Furnished,Bachelors/Family,4,Contact Owner
2,650,6 out of 7,Carpet Area,Mumbai,Unfurnished,Family,2,Contact Agent
2,700,Ground out of 3,Super Area,Chennai,Semi-Furnished,Bachelors/Family,1,Contact Owner
2,1200,3 out of 3,Carpet Area,Chennai,Semi-Furnished,Bachelors/Family,2,Contact Agent
2,800,1 out of 3,Super Area,Chennai,Semi-Furnished,Bachelors/Family,2,Contact Owner
2,875,2 out of 2,Super Area,Chennai,Semi-Furnished,Bachelors,2,Contact Owner
2,900,2 out of 4,Super Area,Hyderabad,Unfurnished,Bachelors/Family,2,Contact Owner
2,840,Ground out of 3,Super Area,Chennai,Semi-Furnished,Bachelors/Family,2,Contact Owner
2,610,4 out of 4,Carpet Area,Chennai,Furnished,Bachelors/Family,1,Contact Agent
4,3698,16 out of 22,Carpet Area,Hyderabad,Semi-Furnished,Family,5,Contact Agent
4,3133,14 out of 14,Carpet Area,Hyderabad,Furnished,Family,5,Contact Agent
3,2500,47 out of 89,Carpet Area,Mumbai,Semi-Furnished,Bachelors,3,Contact Agent
1,350,2 out of 4,Super Area,Hyderabad,Unfurnished,Bachelors/Family,1,Contact Owner
2,1150,1 out of 3,Super Area,Hyderabad,Furnished,Bachelors/Family,2,Contact Owner
3,1700,4 out of 5,Super Area,Hyderabad,Unfurnished,Family,2,Contact Agent
3,2395,14 out of 17,Carpet Area,Hyderabad,Semi-Furnished,Family,3,Contact Agent
2,750,12 out of 19,Carpet Area,Mumbai,Semi-Furnished,Bachelors/Family,2,Contact Agent
3,1900,9 out of 15,Carpet Area,Hyderabad,Unfurnished,Bachelors,3,Contact Agent
2,1500,2 out of 4,Super Area,Hyderabad,Unfurnished,Bachelors/Family,2,Contact Owner
2,720,5 out of 7,Carpet Area,Mumbai,Unfurnished,Bachelors/Family,2,Contact Agent
4,3500,1 out of 4,Carpet Area,Chennai,Semi-Furnished,Bachelors/Family,4,Contact Agent
4,2600,2 out of 2,Carpet Area,Chennai,Semi-Furnished,Bachelors/Family,4,Contact Agent
1,300,3 out of 4,Carpet Area,Delhi,Semi-Furnished,Bachelors,1,Contact Agent
2,1200,Ground out of 4,Super Area,Hyderabad,Semi-Furnished,Bachelors/Family,2,Contact Owner
2,1200,Ground out of 1,Super Area,Hyderabad,Unfurnished,Bachelors/Family,2,Contact Owner
3,1500,2 out of 4,Carpet Area,Chennai,Semi-Furnished,Bachelors/Family,3,Contact Agent
2,900,3 out of 3,Super Area,Chennai,Semi-Furnished,Bachelors/Family,2,Contact Owner
2,600,Ground out of 4,Carpet Area,Delhi,Semi-Furnished,Bachelors,2,Contact Agent
3,950,Upper Basement out of 9,Carpet Area,Mumbai,Semi-Furnished,Bachelors/Family,3,Contact Agent
2,950,Ground out of 1,Super Area,Hyderabad,Unfurnished,Family,2,Contact Owner
2,1095,4 out of 5,Super Area,Hyderabad,Semi-Furnished,Bachelors/Family,2,Contact Owner
1,400,3 out of 4,Super Area,Hyderabad,Unfurnished,Bachelors/Family,1,Contact Owner
1,450,1 out of 1,Super Area,Chennai,Unfurnished,Family,1,Contact Owner
1,1000,1 out of 2,Super Area,Chennai,Unfurnished,Bachelors/Family,2,Contact Owner
2,1100,Ground out of 4,Carpet Area,Chennai,Unfurnished,Bachelors/Family,2,Contact Owner
2,900,1 out of 3,Super Area,Chennai,Semi-Furnished,Bachelors/Family,2,Contact Owner
2,650,1 out of 2,Super Area,Chennai,Semi-Furnished,Bachelors/Family,2,Contact Owner
3,1800,Ground out of 2,Super Area,Chennai,Unfurnished,Bachelors,2,Contact Owner
3,2600,2 out of 5,Carpet Area,Hyderabad,Semi-Furnished,Bachelors/Family,3,Contact Agent
1,550,Ground out of 1,Super Area,Chennai,Unfurnished,Bachelors/Family,1,Contact Owner
3,2290,4 out of 24,Super Area,Hyderabad,Semi-Furnished,Bachelors,3,Contact Agent
2,900,2 out of 3,Super Area,Chennai,Semi-Furnished,Bachelors/Family,2,Contact Owner
2,1000,1 out of 3,Super Area,Chennai,Unfurnished,Bachelors/Family,2,Contact Owner
3,1900,2 out of 5,Carpet Area,Hyderabad,Semi-Furnished,Bachelors/Family,3,Contact Agent
3,1600,2 out of 5,Carpet Area,Hyderabad,Semi-Furnished,Bachelors/Family,3,Contact Agent
1,80,Ground out of 2,Super Area,Hyderabad,Semi-Furnished,Bachelors/Family,1,Contact Owner
1,650,2 out of 4,Carpet Area,Delhi,Semi-Furnished,Bachelors/Family,1,Contact Agent
2,985,1 out of 4,Carpet Area,Chennai,Unfurnished,Bachelors,2,Contact Owner
1,500,7 out of 11,Carpet Area,Chennai,Furnished,Bachelors/Family,1,Contact Agent
2,1200,2 out of 4,Super Area,Chennai,Unfurnished,Bachelors/Family,2,Contact Owner
2,700,Ground out of 2,Super Area,Chennai,Unfurnished,Bachelors/Family,2,Contact Owner
2,900,1 out of 3,Super Area,Chennai,Unfurnished,Bachelors/Family,2,Contact Owner
3,900,3 out of 4,Carpet Area,Delhi,Semi-Furnished,Bachelors,3,Contact Agent
2,1099,2 out of 2,Super Area,Chennai,Semi-Furnished,Family,2,Contact Owner
2,780,5 out of 14,Carpet Area,Chennai,Unfurnished,Family,2,Contact Owner
1,250,2 out of 3,Super Area,Chennai,Unfurnished,Bachelors/Family,1,Contact Owner
1,250,Ground out of 4,Carpet Area,Delhi,Furnished,Bachelors,1,Contact Agent
4,2520,2 out of 2,Carpet Area,Hyderabad,Semi-Furnished,Family,5,Contact Owner
1,500,1 out of 2,Super Area,Chennai,Furnished,Bachelors/Family,1,Contact Owner
3,1800,1 out of 2,Super Area,Hyderabad,Unfurnished,Bachelors/Family,2,Contact Owner
2,140,2 out of 4,Super Area,Hyderabad,Unfurnished,Bachelors/Family,2,Contact Owner
1,450,Ground out of 2,Super Area,Chennai,Unfurnished,Bachelors/Family,1,Contact Owner
1,400,Ground out of 2,Super Area,Chennai,Semi-Furnished,Bachelors/Family,2,Contact Owner
2,400,1 out of 4,Super Area,Chennai,Unfurnished,Bachelors/Family,2,Contact Owner
4,3300,Ground out of 14,Carpet Area,Hyderabad,Semi-Furnished,Family,4,Contact Agent
1,580,1 out of 2,Super Area,Chennai,Unfurnished,Bachelors/Family,2,Contact Owner
3,1220,6 out of 10,Super Area,Chennai,Semi-Furnished,Bachelors/Family,2,Contact Owner
3,1150,7 out of 41,Carpet Area,Mumbai,Unfurnished,Bachelors/Family,3,Contact Agent
2,780,2 out of 2,Super Area,Chennai,Semi-Furnished,Bachelors/Family,2,Contact Owner
3,1600,2 out of 5,Super Area,Hyderabad,Furnished,Bachelors/Family,3,Contact Owner
3,1757,9 out of 10,Super Area,Bangalore,Semi-Furnished,Bachelors/Family,3,Contact Owner
2,1200,1 out of 1,Carpet Area,Chennai,Unfurnished,Family,3,Contact Owner
2,1100,5 out of 5,Super Area,Hyderabad,Furnished,Family,2,Contact Owner
1,250,1 out of 4,Super Area,Bangalore,Semi-Furnished,Bachelors/Family,1,Contact Owner
1,450,8 out of 13,Carpet Area,Mumbai,Semi-Furnished,Bachelors/Family,1,Contact Agent
1,465,3 out of 4,Super Area,Mumbai,Semi-Furnished,Bachelors,1,Contact Owner
2,1000,4 out of 4,Carpet Area,Bangalore,Furnished,Bachelors/Family,2,Contact Owner
1,420,17 out of 18,Carpet Area,Bangalore,Semi-Furnished,Bachelors,1,Contact Agent
1,280,11 out of 24,Carpet Area,Mumbai,Semi-Furnished,Bachelors/Family,1,Contact Agent
1,440,Ground out of 4,Carpet Area,Mumbai,Semi-Furnished,Bachelors,1,Contact Agent
2,600,4 out of 10,Carpet Area,Mumbai,Unfurnished,Family,2,Contact Agent
3,1771,10 out of 18,Super Area,Bangalore,Semi-Furnished,Bachelors/Family,3,Contact Agent
2,650,1 out of 3,Carpet Area,Chennai,Unfurnished,Bachelors,2,Contact Owner
1,385,Ground out of 5,Super Area,Mumbai,Unfurnished,Bachelors/Family,1,Contact Owner
2,1200,3 out of 4,Super Area,Bangalore,Semi-Furnished,Bachelors/Family,2,Contact Owner
3,1950,2 out of 5,Super Area,Hyderabad,Semi-Furnished,Bachelors/Family,3,Contact Owner
1,420,2 out of 5,Carpet Area,Bangalore,Semi-Furnished,Bachelors/Family,1,Contact Agent
4,1750,9 out of 31,Carpet Area,Mumbai,Semi-Furnished,Bachelors,4,Contact Agent
2,590,7 out of 12,Carpet Area,Mumbai,Unfurnished,Family,2,Contact Agent
2,620,3 out of 14,Carpet Area,Mumbai,Semi-Furnished,Family,2,Contact Agent
2,583,10 out of 23,Carpet Area,Mumbai,Unfurnished,Family,2,Contact Agent
1,565,1 out of 8,Super Area,Mumbai,Furnished,Bachelors/Family,2,Contact Owner
2,600,2 out of 7,Carpet Area,Chennai,Semi-Furnished,Bachelors/Family,2,Contact Agent
4,1962,18 out of 20,Carpet Area,Mumbai,Semi-Furnished,Bachelors/Family,5,Contact Agent
2,600,4 out of 7,Carpet Area,Chennai,Furnished,Bachelors/Family,2,Contact Agent
1,410,4 out of 7,Carpet Area,Mumbai,Unfurnished,Bachelors/Family,1,Contact Agent
2,900,60 out of 71,Carpet Area,Mumbai,Semi-Furnished,Bachelors,2,Contact Agent
3,1252,3 out of 5,Carpet Area,Bangalore,Semi-Furnished,Bachelors/Family,2,Contact Owner
3,2000,25 out of 50,Super Area,Mumbai,Semi-Furnished,Bachelors/Family,4,Contact Agent
4,2120,46 out of 76,Carpet Area,Mumbai,Furnished,Bachelors/Family,5,Contact Agent
1,400,1 out of 7,Carpet Area,Mumbai,Unfurnished,Bachelors/Family,1,Contact Agent
2,825,12 out of 13,Super Area,Mumbai,Unfurnished,Bachelors/Family,2,Contact Owner
6,2400,Ground out of 1,Super Area,Hyderabad,Unfurnished,Family,4,Contact Owner
1,470,11 out of 14,Carpet Area,Mumbai,Semi-Furnished,Family,2,Contact Agent
2,1005,2 out of 5,Carpet Area,Bangalore,Semi-Furnished,Bachelors/Family,3,Contact Agent
1,400,9 out of 10,Carpet Area,Mumbai,Furnished,Bachelors/Family,1,Contact Agent
2,950,9 out of 28,Carpet Area,Mumbai,Furnished,Bachelors/Family,2,Contact Agent
2,875,12 out of 14,Carpet Area,Mumbai,Unfurnished,Bachelors/Family,2,Contact Agent
3,937,16 out of 27,Carpet Area,Mumbai,Furnished,Family,2,Contact Agent
2,1070,3 out of 4,Carpet Area,Hyderabad,Semi-Furnished,Bachelors/Family,2,Contact Owner
3,1200,1 out of 2,Super Area,Bangalore,Semi-Furnished,Bachelors/Family,2,Contact Owner
2,650,8 out of 18,Carpet Area,Mumbai,Unfurnished,Bachelors/Family,2,Contact Agent
1,400,3 out of 7,Carpet Area,Mumbai,Unfurnished,Bachelors/Family,1,Contact Agent
1,500,3 out of 7,Carpet Area,Mumbai,Semi-Furnished,Bachelors/Family,1,Contact Owner
2,1100,2 out of 3,Carpet Area,Bangalore,Semi-Furnished,Bachelors/Family,2,Contact Owner
2,800,2 out of 2,Carpet Area,Chennai,Semi-Furnished,Bachelors/Family,2,Contact Owner
3,2150,3 out of 6,Super Area,Bangalore,Semi-Furnished,Bachelors,3,Contact Agent
2,700,1 out of 2,Super Area,Chennai,Unfurnished,Bachelors/Family,2,Contact Owner
2,610,11 out of 18,Carpet Area,Mumbai,Unfurnished,Family,2,Contact Agent
2,640,21 out of 21,Carpet Area,Mumbai,Semi-Furnished,Family,2,Contact Agent
3,240,1 out of 4,Carpet Area,Delhi,Unfurnished,Bachelors/Family,3,Contact Agent
2,935,2 out of 4,Super Area,Mumbai,Semi-Furnished,Bachelors/Family,2,Contact Owner
3,1000,4 out of 11,Carpet Area,Mumbai,Semi-Furnished,Bachelors/Family,3,Contact Agent
4,2100,3 out of 3,Carpet Area,Delhi,Semi-Furnished,Bachelors/Family,4,Contact Agent
2,550,4 out of 4,Carpet Area,Delhi,Semi-Furnished,Bachelors/Family,2,Contact Owner
2,1200,2 out of 3,Carpet Area,Bangalore,Semi-Furnished,Family,2,Contact Owner
3,1500,19 out of 31,Super Area,Chennai,Unfurnished,Bachelors,3,Contact Owner
1,650,Ground out of 3,Super Area,Bangalore,Semi-Furnished,Bachelors/Family,1,Contact Owner
4,2000,2 out of 4,Carpet Area,Delhi,Semi-Furnished,Bachelors/Family,3,Contact Agent
3,1374,Ground out of 16,Super Area,Bangalore,Semi-Furnished,Family,2,Contact Agent
2,550,Ground out of 2,Super Area,Bangalore,Unfurnished,Bachelors/Family,2,Contact Owner
2,630,3 out of 5,Super Area,Bangalore,Furnished,Bachelors/Family,2,Contact Owner
1,400,4 out of 4,Carpet Area,Hyderabad,Unfurnished,Bachelors/Family,1,Contact Owner
2,650,10 out of 12,Carpet Area,Mumbai,Semi-Furnished,Bachelors/Family,2,Contact Agent
1,420,1 out of 3,Carpet Area,Mumbai,Semi-Furnished,Family,2,Contact Agent
1,30,1 out of 5,Super Area,Delhi,Furnished,Bachelors/Family,1,Contact Owner
1,520,Ground out of 4,Super Area,Delhi,Furnished,Bachelors/Family,1,Contact Owner
2,650,4 out of 10,Carpet Area,Mumbai,Unfurnished,Family,2,Contact Agent
1,400,4 out of 7,Carpet Area,Mumbai,Unfurnished,Bachelors/Family,1,Contact Agent
1,420,5 out of 7,Carpet Area,Mumbai,Semi-Furnished,Family,2,Contact Agent
2,2200,1 out of 4,Carpet Area,Delhi,Unfurnished,Bachelors,3,Contact Agent
1,375,6 out of 24,Carpet Area,Mumbai,Unfurnished,Bachelors/Family,1,Contact Agent
4,1016,3 out of 36,Carpet Area,Mumbai,Unfurnished,Bachelors/Family,3,Contact Agent
4,2800,6 out of 10,Carpet Area,Delhi,Unfurnished,Bachelors,4,Contact Agent
1,300,3 out of 3,Super Area,Bangalore,Semi-Furnished,Bachelors/Family,1,Contact Owner
2,1050,25 out of 42,Carpet Area,Mumbai,Unfurnished,Bachelors/Family,2,Contact Agent
1,455,2 out of 4,Carpet Area,Bangalore,Semi-Furnished,Bachelors/Family,1,Contact Agent
1,400,4 out of 4,Carpet Area,Mumbai,Unfurnished,Bachelors/Family,1,Contact Agent
1,410,9 out of 22,Carpet Area,Mumbai,Semi-Furnished,Family,2,Contact Agent
1,463,5 out of 7,Carpet Area,Mumbai,Furnished,Bachelors/Family,2,Contact Agent
2,750,1 out of 4,Carpet Area,Delhi,Furnished,Bachelors,2,Contact Agent
1,300,2 out of 3,Super Area,Bangalore,Semi-Furnished,Bachelors/Family,1,Contact Owner
2,900,Ground out of 4,Carpet Area,Delhi,Semi-Furnished,Bachelors/Family,2,Contact Agent
3,1500,Lower Basement out of 2,Super Area,Hyderabad,Semi-Furnished,Bachelors/Family,3,Contact Owner
2,710,11 out of 14,Carpet Area,Mumbai,Semi-Furnished,Bachelors/Family,2,Contact Agent
2,600,2 out of 5,Carpet Area,Mumbai,Unfurnished,Bachelors/Family,2,Contact Agent
1,330,Ground out of 7,Carpet Area,Mumbai,Semi-Furnished,Bachelors/Family,1,Contact Agent
1,400,1 out of 4,Carpet Area,Delhi,Semi-Furnished,Bachelors/Family,1,Contact Agent
3,1550,1 out of 13,Carpet Area,Bangalore,Semi-Furnished,Bachelors/Family,3,Contact Agent
2,630,8 out of 12,Carpet Area,Mumbai,Semi-Furnished,Family,2,Contact Agent
3,950,1 out of 4,Carpet Area,Delhi,Furnished,Bachelors,2,Contact Agent
1,480,4 out of 5,Carpet Area,Delhi,Unfurnished,Bachelors/Family,1,Contact Agent
1,500,13 out of 14,Super Area,Mumbai,Furnished,Bachelors/Family,2,Contact Owner
2,700,4 out of 4,Carpet Area,Delhi,Unfurnished,Bachelors,1,Contact Agent
4,1649,18 out of 29,Carpet Area,Mumbai,Semi-Furnished,Family,3,Contact Agent
1,400,2 out of 13,Carpet Area,Mumbai,Unfurnished,Bachelors/Family,1,Contact Agent
2,710,15 out of 18,Carpet Area,Mumbai,Semi-Furnished,Bachelors/Family,2,Contact Agent
2,600,1 out of 5,Carpet Area,Mumbai,Unfurnished,Bachelors/Family,2,Contact Agent
2,900,2 out of 3,Super Area,Bangalore,Semi-Furnished,Bachelors/Family,2,Contact Owner
1,305,6 out of 24,Carpet Area,Mumbai,Unfurnished,Bachelors,1,Contact Agent
3,1000,16 out of 25,Carpet Area,Mumbai,Semi-Furnished,Bachelors/Family,4,Contact Agent
2,1350,1 out of 5,Carpet Area,Hyderabad,Semi-Furnished,Bachelors/Family,2,Contact Owner
3,1100,18 out of 22,Carpet Area,Mumbai,Furnished,Bachelors/Family,2,Contact Agent
1,415,2 out of 7,Super Area,Mumbai,Unfurnished,Bachelors/Family,1,Contact Owner
4,1600,43 out of 78,Carpet Area,Mumbai,Semi-Furnished,Bachelors/Family,5,Contact Agent
1,435,2 out of 5,Carpet Area,Bangalore,Semi-Furnished,Bachelors/Family,1,Contact Agent
1,400,2 out of 3,Carpet Area,Delhi,Unfurnished,Bachelors/Family,2,Contact Agent
2,850,2 out of 4,Carpet Area,Delhi,Semi-Furnished,Bachelors,2,Contact Agent
1,450,1 out of 4,Carpet Area,Delhi,Semi-Furnished,Bachelors,1,Contact Agent
3,1500,2 out of 3,Super Area,Chennai,Semi-Furnished,Bachelors/Family,3,Contact Owner
2,710,8 out of 16,Carpet Area,Mumbai,Unfurnished,Bachelors/Family,2,Contact Agent
4,1650,13 out of 18,Carpet Area,Mumbai,Semi-Furnished,Bachelors/Family,4,Contact Agent
4,4000,9 out of 9,Super Area,Chennai,Semi-Furnished,Bachelors,4,Contact Agent
3,1500,Ground out of 1,Carpet Area,Chennai,Semi-Furnished,Family,2,Contact Owner
2,1250,Ground out of 6,Super Area,Hyderabad,Semi-Furnished,Bachelors/Family,2,Contact Owner
2,1000,2 out of 3,Carpet Area,Hyderabad,Semi-Furnished,Bachelors/Family,2,Contact Owner
3,1700,3 out of 3,Carpet Area,Chennai,Semi-Furnished,Bachelors,3,Contact Owner
2,973,4 out of 4,Carpet Area,Chennai,Semi-Furnished,Family,2,Contact Owner
2,680,2 out of 4,Carpet Area,Delhi,Furnished,Bachelors,1,Contact Agent
3,1500,4 out of 6,Super Area,Hyderabad,Semi-Furnished,Bachelors/Family,3,Contact Owner
2,1150,4 out of 5,Super Area,Hyderabad,Semi-Furnished,Bachelors/Family,2,Contact Owner
3,1250,5 out of 8,Carpet Area,Mumbai,Semi-Furnished,Bachelors/Family,3,Contact Agent
1,550,1 out of 2,Super Area,Chennai,Unfurnished,Bachelors/Family,1,Contact Owner
2,1200,2 out of 25,Super Area,Hyderabad,Furnished,Bachelors/Family,2,Contact Owner
3,1500,1 out of 6,Super Area,Hyderabad,Semi-Furnished,Bachelors/Family,3,Contact Owner
3,1850,5 out of 5,Carpet Area,Hyderabad,Furnished,Bachelors,3,Contact Owner
2,1010,5 out of 5,Carpet Area,Hyderabad,Unfurnished,Bachelors,2,Contact Owner
1,520,2 out of 4,Super Area,Chennai,Semi-Furnished,Bachelors/Family,1,Contact Owner
4,2550,2 out of 3,Carpet Area,Hyderabad,Semi-Furnished,Bachelors/Family,4,Contact Agent
2,1200,1 out of 3,Super Area,Bangalore,Unfurnished,Bachelors/Family,2,Contact Owner
3,1700,2 out of 2,Super Area,Chennai,Semi-Furnished,Bachelors/Family,3,Contact Owner
2,1050,3 out of 4,Super Area,Hyderabad,Unfurnished,Bachelors/Family,3,Contact Owner
2,900,Ground out of 2,Super Area,Hyderabad,Unfurnished,Bachelors/Family,1,Contact Owner
2,1200,Ground out of 4,Super Area,Chennai,Unfurnished,Bachelors/Family,2,Contact Owner
2,1600,1 out of 6,Super Area,Hyderabad,Furnished,Bachelors/Family,2,Contact Owner
3,1400,1 out of 3,Super Area,Chennai,Semi-Furnished,Bachelors/Family,2,Contact Owner
2,800,Ground out of 6,Super Area,Hyderabad,Unfurnished,Bachelors/Family,2,Contact Owner
4,3000,1 out of 4,Carpet Area,Delhi,Semi-Furnished,Bachelors/Family,4,Contact Agent
3,1190,5 out of 12,Carpet Area,Mumbai,Semi-Furnished,Bachelors/Family,3,Contact Agent
2,950,1 out of 2,Carpet Area,Chennai,Semi-Furnished,Bachelors/Family,2,Contact Owner
2,750,3 out of 4,Super Area,Chennai,Unfurnished,Bachelors/Family,3,Contact Owner
3,1800,3 out of 4,Carpet Area,Bangalore,Semi-Furnished,Bachelors/Family,3,Contact Owner
2,700,Ground out of 3,Super Area,Chennai,Semi-Furnished,Bachelors/Family,2,Contact Owner
2,850,Ground out of 2,Super Area,Chennai,Semi-Furnished,Bachelors/Family,2,Contact Owner
2,700,Ground out of 2,Super Area,Chennai,Semi-Furnished,Bachelors/Family,2,Contact Owner
2,800,1 out of 2,Super Area,Chennai,Unfurnished,Bachelors/Family,1,Contact Owner
2,1145,1 out of 3,Super Area,Chennai,Unfurnished,Bachelors/Family,2,Contact Owner
3,1600,1 out of 2,Super Area,Chennai,Semi-Furnished,Bachelors/Family,3,Contact Owner
3,1000,3 out of 6,Carpet Area,Hyderabad,Semi-Furnished,Bachelors/Family,3,Contact Owner
2,1100,4 out of 5,Carpet Area,Hyderabad,Furnished,Bachelors,2,Contact Owner
2,854,15 out of 20,Carpet Area,Mumbai,Semi-Furnished,Bachelors/Family,2,Contact Agent
2,850,1 out of 15,Super Area,Chennai,Furnished,Bachelors/Family,2,Contact Owner
3,800,Ground out of 3,Super Area,Chennai,Semi-Furnished,Bachelors/Family,2,Contact Owner
3,1150,1 out of 2,Carpet Area,Chennai,Semi-Furnished,Bachelors/Family,3,Contact Owner
2,500,2 out of 3,Carpet Area,Bangalore,Semi-Furnished,Bachelors/Family,2,Contact Owner
1,500,2 out of 3,Carpet Area,Bangalore,Semi-Furnished,Bachelors/Family,1,Contact Owner
2,500,Ground out of 2,Carpet Area,Chennai,Furnished,Bachelors/Family,2,Contact Owner
2,650,3 out of 4,Carpet Area,Hyderabad,Unfurnished,Bachelors/Family,2,Contact Owner
2,1000,1 out of 3,Super Area,Hyderabad,Semi-Furnished,Bachelors/Family,2,Contact Owner
2,550,4 out of 4,Carpet Area,Hyderabad,Unfurnished,Bachelors,1,Contact Owner
2,700,1 out of 2,Carpet Area,Bangalore,Semi-Furnished,Family,1,Contact Owner
3,1500,3 out of 4,Carpet Area,Bangalore,Semi-Furnished,Bachelors,3,Contact Agent
2,120,Ground out of 2,Super Area,Hyderabad,Semi-Furnished,Bachelors/Family,2,Contact Owner
3,1800,1 out of 2,Carpet Area,Chennai,Semi-Furnished,Bachelors,3,Contact Owner
1,490,2 out of 4,Carpet Area,Mumbai,Semi-Furnished,Bachelors,2,Contact Agent
2,800,2 out of 4,Super Area,Chennai,Unfurnished,Bachelors/Family,2,Contact Owner
2,190,1 out of 1,Super Area,Hyderabad,Furnished,Bachelors/Family,2,Contact Owner
2,800,Ground out of 1,Carpet Area,Chennai,Semi-Furnished,Bachelors/Family,2,Contact Owner
2,800,Ground out of 4,Carpet Area,Bangalore,Semi-Furnished,Bachelors,1,Contact Owner
2,1020,1 out of 2,Carpet Area,Chennai,Furnished,Bachelors/Family,2,Contact Owner
2,1109,3 out of 3,Super Area,Chennai,Semi-Furnished,Bachelors/Family,2,Contact Owner
2,900,3 out of 4,Super Area,Chennai,Semi-Furnished,Bachelors/Family,2,Contact Owner
4,2500,16 out of 18,Carpet Area,Chennai,Unfurnished,Bachelors/Family,4,Contact Agent
3,1850,5 out of 6,Super Area,Hyderabad,Semi-Furnished,Bachelors/Family,3,Contact Owner
2,635,2 out of 2,Carpet Area,Chennai,Semi-Furnished,Bachelors,2,Contact Owner
4,2317,10 out of 12,Super Area,Chennai,Unfurnished,Bachelors/Family,4,Contact Agent
3,917,3 out of 7,Carpet Area,Chennai,Semi-Furnished,Family,2,Contact Owner
2,1000,3 out of 5,Carpet Area,Hyderabad,Furnished,Bachelors,2,Contact Owner
3,950,3 out of 7,Carpet Area,Chennai,Semi-Furnished,Bachelors/Family,2,Contact Owner
1,700,Ground out of 2,Super Area,Chennai,Semi-Furnished,Bachelors/Family,1,Contact Owner
3,2064,11 out of 19,Super Area,Chennai,Semi-Furnished,Family,4,Contact Owner
3,1100,2 out of 4,Carpet Area,Bangalore,Semi-Furnished,Family,2,Contact Owner
1,579,3 out of 4,Super Area,Chennai,Semi-Furnished,Bachelors/Family,1,Contact Owner
1,700,Ground out of 2,Super Area,Chennai,Semi-Furnished,Bachelors/Family,1,Contact Owner
1,515,12 out of 42,Carpet Area,Mumbai,Unfurnished,Bachelors/Family,1,Contact Agent
4,2800,50 out of 75,Carpet Area,Mumbai,Semi-Furnished,Bachelors/Family,4,Contact Agent
2,800,2 out of 7,Carpet Area,Mumbai,Unfurnished,Family,2,Contact Agent
5,3900,4 out of 6,Carpet Area,Mumbai,Furnished,Bachelors/Family,5,Contact Agent
2,777,17 out of 22,Carpet Area,Mumbai,Furnished,Bachelors/Family,2,Contact Agent
2,850,9 out of 12,Carpet Area,Mumbai,Unfurnished,Bachelors/Family,2,Contact Agent
2,777,19 out of 22,Carpet Area,Mumbai,Furnished,Bachelors/Family,2,Contact Agent
2,1000,3 out of 15,Super Area,Mumbai,Semi-Furnished,Bachelors/Family,2,Contact Agent
2,710,13 out of 18,Carpet Area,Mumbai,Semi-Furnished,Bachelors/Family,2,Contact Agent
2,700,3 out of 8,Carpet Area,Mumbai,Furnished,Family,2,Contact Agent
3,1197,18 out of 26,Carpet Area,Mumbai,Semi-Furnished,Bachelors/Family,3,Contact Agent
2,650,11 out of 25,Carpet Area,Mumbai,Unfurnished,Family,2,Contact Agent
4,2200,11 out of 20,Carpet Area,Mumbai,Semi-Furnished,Bachelors/Family,5,Contact Agent
3,1130,3 out of 7,Carpet Area,Mumbai,Semi-Furnished,Bachelors/Family,3,Contact Agent
3,1710,25 out of 48,Carpet Area,Mumbai,Furnished,Bachelors/Family,3,Contact Agent
2,615,6 out of 14,Carpet Area,Mumbai,Unfurnished,Family,2,Contact Agent
2,800,10 out of 14,Carpet Area,Mumbai,Unfurnished,Family,2,Contact Agent
3,1400,11 out of 13,Carpet Area,Mumbai,Semi-Furnished,Family,3,Contact Agent
3,1250,11 out of 13,Carpet Area,Mumbai,Semi-Furnished,Family,3,Contact Agent
3,1500,15 out of 20,Carpet Area,Mumbai,Furnished,Bachelors/Family,4,Contact Agent
2,888,12 out of 20,Carpet Area,Mumbai,Furnished,Bachelors/Family,2,Contact Agent
3,1358,40 out of 50,Carpet Area,Mumbai,Semi-Furnished,Family,4,Contact Agent
3,1300,1 out of 2,Super Area,Chennai,Furnished,Bachelors/Family,2,Contact Owner
2,661,17 out of 36,Carpet Area,Mumbai,Semi-Furnished,Bachelors/Family,2,Contact Agent
3,1100,48 out of 54,Carpet Area,Mumbai,Unfurnished,Family,3,Contact Agent
4,2500,2 out of 10,Carpet Area,Mumbai,Furnished,Bachelors/Family,4,Contact Agent
1,300,Ground out of 2,Super Area,Chennai,Unfurnished,Bachelors/Family,1,Contact Owner
2,900,Ground out of 1,Carpet Area,Hyderabad,Unfurnished,Bachelors/Family,2,Contact Owner
3,1450,4 out of 4,Super Area,Hyderabad,Semi-Furnished,Bachelors/Family,2,Contact Owner
3,1050,3 out of 62,Carpet Area,Mumbai,Unfurnished,Bachelors,3,Contact Agent
3,1350,23 out of 25,Carpet Area,Mumbai,Semi-Furnished,Bachelors/Family,3,Contact Agent
3,1400,8 out of 17,Carpet Area,Mumbai,Furnished,Bachelors/Family,3,Contact Agent
2,980,2 out of 3,Super Area,Hyderabad,Unfurnished,Bachelors/Family,2,Contact Owner
3,1000,16 out of 32,Carpet Area,Mumbai,Semi-Furnished,Bachelors/Family,2,Contact Agent
1,500,6 out of 8,Carpet Area,Mumbai,Furnished,Family,1,Contact Agent
1,460,10 out of 25,Carpet Area,Mumbai,Semi-Furnished,Bachelors/Family,2,Contact Agent
1,585,10 out of 14,Super Area,Mumbai,Semi-Furnished,Bachelors/Family,2,Contact Agent
2,750,2 out of 8,Carpet Area,Mumbai,Unfurnished,Family,2,Contact Agent
4,2000,6 out of 45,Carpet Area,Mumbai,Furnished,Family,4,Contact Agent
2,800,14 out of 18,Carpet Area,Mumbai,Semi-Furnished,Family,2,Contact Agent
3,1300,37 out of 51,Carpet Area,Mumbai,Semi-Furnished,Bachelors/Family,4,Contact Agent
3,1100,15 out of 22,Carpet Area,Mumbai,Semi-Furnished,Family,3,Contact Agent
2,800,7 out of 22,Carpet Area,Mumbai,Semi-Furnished,Bachelors/Family,2,Contact Agent
2,795,7 out of 13,Carpet Area,Mumbai,Unfurnished,Bachelors/Family,2,Contact Agent
3,1600,18 out of 27,Carpet Area,Mumbai,Semi-Furnished,Family,3,Contact Agent
3,2400,Ground out of 8,Carpet Area,Bangalore,Semi-Furnished,Bachelors,3,Contact Agent
3,1450,9 out of 10,Carpet Area,Mumbai,Semi-Furnished,Bachelors/Family,5,Contact Agent
3,1350,1 out of 5,Carpet Area,Mumbai,Furnished,Bachelors,3,Contact Agent
3,925,16 out of 36,Carpet Area,Mumbai,Unfurnished,Bachelors,2,Contact Agent
4,1450,30 out of 44,Carpet Area,Mumbai,Unfurnished,Bachelors/Family,4,Contact Agent
3,1200,2 out of 4,Carpet Area,Delhi,Semi-Furnished,Bachelors,2,Contact Agent
2,750,1 out of 7,Carpet Area,Mumbai,Semi-Furnished,Bachelors,2,Contact Agent
2,1150,14 out of 40,Carpet Area,Mumbai,Unfurnished,Bachelors/Family,2,Contact Agent
2,680,5 out of 14,Carpet Area,Mumbai,Furnished,Bachelors,2,Contact Agent
2,722,34 out of 48,Carpet Area,Mumbai,Semi-Furnished,Bachelors/Family,2,Contact Agent
4,2079,4 out of 58,Carpet Area,Mumbai,Semi-Furnished,Bachelors/Family,5,Contact Agent
2,888,9 out of 20,Carpet Area,Mumbai,Semi-Furnished,Bachelors/Family,2,Contact Agent
1,425,11 out of 21,Carpet Area,Mumbai,Unfurnished,Bachelors/Family,2,Contact Agent
2,777,18 out of 24,Carpet Area,Mumbai,Semi-Furnished,Bachelors/Family,2,Contact Agent
3,1350,1 out of 5,Carpet Area,Mumbai,Furnished,Bachelors,3,Contact Agent
3,1200,14 out of 35,Carpet Area,Mumbai,Semi-Furnished,Bachelors/Family,3,Contact Agent
3,2710,4 out of 7,Super Area,Bangalore,Semi-Furnished,Bachelors,3,Contact Agent
2,630,2 out of 5,Carpet Area,Bangalore,Semi-Furnished,Bachelors/Family,2,Contact Agent
4,3100,9 out of 22,Super Area,Bangalore,Semi-Furnished,Bachelors/Family,4,Contact Agent
3,1300,3 out of 4,Carpet Area,Bangalore,Semi-Furnished,Bachelors/Family,2,Contact Agent
1,625,2 out of 4,Carpet Area,Bangalore,Unfurnished,Bachelors,1,Contact Agent
2,630,10 out of 32,Carpet Area,Mumbai,Unfurnished,Bachelors,2,Contact Agent
2,840,2 out of 4,Super Area,Hyderabad,Unfurnished,Bachelors/Family,2,Contact Owner
2,751,3 out of 30,Carpet Area,Mumbai,Semi-Furnished,Family,2,Contact Agent
3,140,Ground out of 3,Carpet Area,Delhi,Semi-Furnished,Bachelors,2,Contact Agent
2,1000,1 out of 3,Carpet Area,Delhi,Unfurnished,Bachelors,2,Contact Agent
3,900,Upper Basement out of 10,Carpet Area,Mumbai,Semi-Furnished,Family,2,Contact Agent
3,1330,17 out of 43,Carpet Area,Mumbai,Unfurnished,Bachelors,4,Contact Agent
3,1915,3 out of 18,Super Area,Mumbai,Semi-Furnished,Bachelors/Family,3,Contact Agent
1,446,2 out of 4,Super Area,Delhi,Unfurnished,Bachelors/Family,1,Contact Owner
2,900,2 out of 4,Carpet Area,Delhi,Semi-Furnished,Bachelors,2,Contact Agent
2,661,19 out of 38,Carpet Area,Mumbai,Semi-Furnished,Bachelors/Family,2,Contact Agent
3,750,6 out of 16,Carpet Area,Mumbai,Unfurnished,Family,2,Contact Agent
2,1440,2 out of 3,Carpet Area,Delhi,Semi-Furnished,Bachelors,2,Contact Agent
3,1514,34 out of 58,Carpet Area,Mumbai,Semi-Furnished,Bachelors/Family,4,Contact Agent
1,450,1 out of 4,Carpet Area,Delhi,Furnished,Bachelors/Family,1,Contact Agent
3,2400,5 out of 14,Carpet Area,Bangalore,Semi-Furnished,Bachelors/Family,4,Contact Agent
2,600,3 out of 4,Carpet Area,Delhi,Semi-Furnished,Bachelors,2,Contact Agent
2,650,10 out of 16,Carpet Area,Mumbai,Furnished,Family,2,Contact Agent
4,2000,9 out of 17,Carpet Area,Mumbai,Furnished,Bachelors/Family,4,Contact Agent
3,1224,14 out of 21,Carpet Area,Mumbai,Unfurnished,Family,3,Contact Agent
3,950,17 out of 25,Carpet Area,Mumbai,Unfurnished,Bachelors/Family,3,Contact Agent
1,365,18 out of 40,Carpet Area,Mumbai,Furnished,Family,1,Contact Agent
3,1500,17 out of 42,Carpet Area,Mumbai,Unfurnished,Bachelors/Family,4,Contact Agent
2,760,3 out of 11,Carpet Area,Mumbai,Unfurnished,Family,2,Contact Agent
3,1150,8 out of 12,Carpet Area,Mumbai,Semi-Furnished,Bachelors/Family,3,Contact Agent
1,450,1 out of 4,Carpet Area,Delhi,Semi-Furnished,Bachelors,1,Contact Agent
3,600,3 out of 4,Carpet Area,Delhi,Semi-Furnished,Bachelors/Family,1,Contact Agent
4,1600,9 out of 29,Carpet Area,Mumbai,Unfurnished,Family,4,Contact Agent
3,1225,5 out of 13,Carpet Area,Mumbai,Furnished,Bachelors/Family,3,Contact Agent
3,1400,22 out of 30,Carpet Area,Mumbai,Furnished,Bachelors/Family,3,Contact Agent
1,500,3 out of 6,Super Area,Mumbai,Semi-Furnished,Bachelors/Family,1,Contact Agent
3,1650,8 out of 27,Carpet Area,Mumbai,Furnished,Bachelors,4,Contact Agent
4,2608,1 out of 4,Carpet Area,Bangalore,Semi-Furnished,Bachelors,3,Contact Agent
3,1100,6 out of 12,Carpet Area,Mumbai,Semi-Furnished,Bachelors/Family,3,Contact Agent
2,760,9 out of 22,Carpet Area,Mumbai,Semi-Furnished,Bachelors/Family,2,Contact Agent
2,1100,2 out of 4,Super Area,Hyderabad,Semi-Furnished,Bachelors/Family,2,Contact Owner
2,900,10 out of 15,Super Area,Mumbai,Unfurnished,Bachelors/Family,2,Contact Agent
2,902,41 out of 41,Carpet Area,Mumbai,Semi-Furnished,Bachelors/Family,2,Contact Agent
2,950,7 out of 10,Carpet Area,Mumbai,Semi-Furnished,Family,2,Contact Agent
3,1100,18 out of 22,Carpet Area,Mumbai,Semi-Furnished,Bachelors/Family,2,Contact Agent
3,1800,10 out of 16,Super Area,Mumbai,Unfurnished,Bachelors/Family,3,Contact Agent
4,1937,20 out of 30,Carpet Area,Mumbai,Semi-Furnished,Bachelors/Family,5,Contact Agent
3,1100,9 out of 20,Carpet Area,Mumbai,Semi-Furnished,Bachelors,3,Contact Agent
1,450,5 out of 7,Carpet Area,Mumbai,Semi-Furnished,Bachelors,1,Contact Agent
2,950,2 out of 45,Carpet Area,Mumbai,Semi-Furnished,Bachelors/Family,2,Contact Agent
3,1100,9 out of 16,Carpet Area,Mumbai,Furnished,Family,3,Contact Agent
2,965,19 out of 27,Super Area,Mumbai,Unfurnished,Bachelors/Family,2,Contact Agent
2,742,17 out of 36,Carpet Area,Mumbai,Unfurnished,Family,2,Contact Agent
1,330,13 out of 40,Carpet Area,Mumbai,Furnished,Family,1,Contact Agent
4,2000,27 out of 27,Carpet Area,Mumbai,Unfurnished,Bachelors,5,Contact Agent
1,600,4 out of 5,Carpet Area,Bangalore,Unfurnished,Bachelors,1,Contact Agent
3,1350,18 out of 32,Carpet Area,Mumbai,Semi-Furnished,Bachelors/Family,3,Contact Agent
2,585,7 out of 8,Carpet Area,Mumbai,Semi-Furnished,Bachelors/Family,2,Contact Agent
3,2750,53 out of 60,Carpet Area,Mumbai,Unfurnished,Bachelors/Family,3,Contact Agent
3,1450,2 out of 5,Carpet Area,Hyderabad,Semi-Furnished,Family,3,Contact Owner
4,2080,34 out of 46,Carpet Area,Mumbai,Semi-Furnished,Bachelors/Family,5,Contact Agent
3,2170,44 out of 75,Carpet Area,Mumbai,Semi-Furnished,Bachelors/Family,4,Contact Agent
3,2770,3 out of 22,Super Area,Bangalore,Semi-Furnished,Bachelors/Family,3,Contact Agent
2,895,32 out of 46,Carpet Area,Mumbai,Semi-Furnished,Bachelors/Family,2,Contact Agent
3,1480,7 out of 14,Carpet Area,Bangalore,Furnished,Family,2,Contact Agent
3,1444,11 out of 14,Super Area,Chennai,Semi-Furnished,Bachelors,3,Contact Agent
3,1200,9 out of 11,Carpet Area,Chennai,Semi-Furnished,Bachelors/Family,3,Contact Agent
3,1600,2 out of 5,Carpet Area,Hyderabad,Semi-Furnished,Bachelors/Family,3,Contact Agent
3,1750,3 out of 5,Carpet Area,Hyderabad,Semi-Furnished,Bachelors/Family,3,Contact Agent
4,4000,1 out of 2,Super Area,Chennai,Semi-Furnished,Bachelors/Family,4,Contact Agent
3,2200,3 out of 5,Carpet Area,Hyderabad,Semi-Furnished,Bachelors/Family,3,Contact Agent
3,1900,4 out of 5,Carpet Area,Hyderabad,Semi-Furnished,Bachelors/Family,3,Contact Agent
4,4761,14 out of 18,Super Area,Hyderabad,Semi-Furnished,Family,5,Contact Agent
3,1484,9 out of 12,Carpet Area,Chennai,Semi-Furnished,Bachelors/Family,3,Contact Agent
2,1150,5 out of 11,Carpet Area,Chennai,Semi-Furnished,Bachelors/Family,2,Contact Agent
2,750,2 out of 2,Super Area,Chennai,Unfurnished,Bachelors/Family,2,Contact Owner
3,1600,8 out of 10,Carpet Area,Hyderabad,Semi-Furnished,Family,3,Contact Agent
2,1140,2 out of 16,Carpet Area,Chennai,Semi-Furnished,Bachelors/Family,2,Contact Agent
2,1250,2 out of 4,Carpet Area,Chennai,Semi-Furnished,Bachelors/Family,2,Contact Agent
4,2880,9 out of 19,Super Area,Chennai,Semi-Furnished,Bachelors,3,Contact Agent
2,1144,1 out of 1,Carpet Area,Chennai,Semi-Furnished,Bachelors/Family,2,Contact Agent
1,500,1 out of 2,Carpet Area,Chennai,Unfurnished,Bachelors,1,Contact Owner
2,1100,1 out of 12,Carpet Area,Hyderabad,Furnished,Family,2,Contact Agent
1,900,2 out of 2,Carpet Area,Hyderabad,Unfurnished,Family,1,Contact Owner
2,1020,1 out of 11,Carpet Area,Chennai,Furnished,Bachelors/Family,2,Contact Agent
2,1150,4 out of 9,Carpet Area,Chennai,Semi-Furnished,Bachelors/Family,2,Contact Agent
1,500,2 out of 5,Carpet Area,Hyderabad,Semi-Furnished,Bachelors,1,Contact Agent
3,1400,3 out of 5,Carpet Area,Chennai,Semi-Furnished,Bachelors/Family,3,Contact Agent
3,1462,3 out of 4,Carpet Area,Chennai,Semi-Furnished,Family,3,Contact Agent
2,618,4 out of 11,Carpet Area,Chennai,Semi-Furnished,Bachelors/Family,2,Contact Agent
3,1600,15 out of 16,Carpet Area,Chennai,Semi-Furnished,Bachelors/Family,3,Contact Agent
2,975,Ground out of 2,Carpet Area,Chennai,Semi-Furnished,Bachelors/Family,2,Contact Agent
3,1200,2 out of 2,Carpet Area,Chennai,Unfurnished,Bachelors/Family,3,Contact Owner
3,1500,Ground out of 14,Carpet Area,Chennai,Semi-Furnished,Bachelors/Family,3,Contact Agent
4,3455,12 out of 17,Super Area,Hyderabad,Semi-Furnished,Family,4,Contact Agent
2,1200,4 out of 5,Super Area,Hyderabad,Furnished,Bachelors/Family,2,Contact Owner
3,1700,7 out of 15,Carpet Area,Chennai,Furnished,Bachelors,3,Contact Agent
2,1200,2 out of 2,Carpet Area,Chennai,Semi-Furnished,Bachelors/Family,2,Contact Owner
3,800,1 out of 4,Carpet Area,Chennai,Semi-Furnished,Bachelors,2,Contact Owner
1,750,3 out of 3,Carpet Area,Hyderabad,Semi-Furnished,Family,1,Contact Owner
2,1027,15 out of 19,Super Area,Chennai,Semi-Furnished,Bachelors,2,Contact Agent
2,1200,3 out of 4,Super Area,Hyderabad,Unfurnished,Family,2,Contact Owner
3,3000,1 out of 1,Super Area,Chennai,Furnished,Family,4,Contact Agent
3,2405,10 out of 14,Super Area,Hyderabad,Semi-Furnished,Bachelors,4,Contact Agent
2,1100,4 out of 5,Carpet Area,Hyderabad,Semi-Furnished,Bachelors/Family,2,Contact Agent
1,600,Upper Basement out of 5,Carpet Area,Hyderabad,Semi-Furnished,Bachelors,1,Contact Agent
3,1360,3 out of 8,Super Area,Hyderabad,Furnished,Bachelors,2,Contact Owner
3,1400,2 out of 4,Carpet Area,Chennai,Semi-Furnished,Bachelors/Family,3,Contact Agent
2,1300,3 out of 5,Carpet Area,Hyderabad,Semi-Furnished,Bachelors/Family,2,Contact Agent
3,1157,4 out of 8,Super Area,Chennai,Unfurnished,Bachelors/Family,3,Contact Owner
3,1250,2 out of 6,Carpet Area,Hyderabad,Semi-Furnished,Family,3,Contact Owner
3,3200,1 out of 5,Carpet Area,Hyderabad,Semi-Furnished,Bachelors/Family,3,Contact Agent
3,1300,9 out of 19,Carpet Area,Chennai,Unfurnished,Bachelors/Family,3,Contact Agent
3,1050,5 out of 10,Carpet Area,Chennai,Semi-Furnished,Bachelors/Family,3,Contact Agent
2,1100,5 out of 5,Carpet Area,Hyderabad,Semi-Furnished,Bachelors/Family,2,Contact Agent
3,1700,4 out of 16,Carpet Area,Chennai,Furnished,Bachelors/Family,3,Contact Agent
1,550,9 out of 15,Carpet Area,Chennai,Semi-Furnished,Bachelors/Family,1,Contact Agent
3,2700,23 out of 30,Carpet Area,Hyderabad,Furnished,Bachelors,3,Contact Agent
3,2300,2 out of 5,Carpet Area,Hyderabad,Semi-Furnished,Bachelors/Family,3,Contact Agent
3,2310,3 out of 17,Super Area,Hyderabad,Semi-Furnished,Family,3,Contact Agent
3,1200,2 out of 5,Carpet Area,Chennai,Unfurnished,Bachelors/Family,2,Contact Agent
